{
"type": "FeatureCollection",
"name": "lithology_authoral",
"features": [
{ "type": "Feature", "properties": { "fid": 3, "name": "North Coast Limestone", "feature_type": "sedimentary_limestone", "grounded": true, "priority_rank": 3 }, "geometry": { "type": "MultiPolygon", "coordinates": [ [ [ [ 5845.0, 37595.0 ], [ 5774.214754972013907, 38433.126154119127023 ], [ 5706.024414062922006, 38569.506835937310825 ], [ 5569.643732244741841, 38637.697176846399088 ], [ 5433.263050426558038, 38774.077858664582891 ], [ 5296.882368608377874, 38774.077858664582891 ], [ 5160.501686790194071, 38842.26819957367843 ], [ 5024.121004972013907, 38842.26819957367843 ], [ 4887.740323153833742, 38910.458540482766693 ], [ 4751.35964133564994, 38910.458540482766693 ], [ 4614.978959517469775, 38978.648881391854957 ], [ 4614.978959517469775, 39115.029563210038759 ], [ 4683.169300426558038, 39319.600585937310825 ], [ 4683.169300426558038, 39455.981267755487352 ], [ 4683.169300426558038, 39592.36194957367843 ], [ 4751.35964133564994, 39728.742631391854957 ], [ 4751.35964133564994, 39865.123313210038759 ], [ 4887.740323153833742, 39933.313654119127023 ], [ 4955.930664062922006, 40137.884676846399088 ], [ 5092.311345881105808, 40206.075017755487352 ], [ 5160.501686790194071, 40342.45569957367843 ], [ 5365.072709517469775, 40410.646040482766693 ], [ 5433.263050426558038, 40547.02672230094322 ], [ 5501.45339133564994, 40683.407404119127023 ], [ 5637.834073153833742, 40751.597745028222562 ], [ 5774.214754972013907, 40887.978426846399088 ], [ 5910.595436790194071, 40956.168767755487352 ], [ 6046.976118608377874, 41092.54944957367843 ], [ 6183.356800426558038, 41160.739790482766693 ], [ 6319.737482244741841, 41297.12047230094322 ], [ 6456.118164062922006, 41365.310813210038759 ], [ 6524.308504972013907, 41501.691495028222562 ], [ 6660.689186790194071, 41501.691495028222562 ], [ 6797.069868608377874, 41501.691495028222562 ], [ 6865.260209517469775, 41638.072176846399088 ], [ 7001.64089133564994, 41706.262517755487352 ], [ 7138.021573153833742, 41774.452858664582891 ], [ 7274.402254972013907, 41774.452858664582891 ], [ 7410.782936790194071, 41774.452858664582891 ], [ 7547.163618608377874, 41774.452858664582891 ], [ 7683.544300426558038, 41774.452858664582891 ], [ 7888.115323153833742, 41774.452858664582891 ], [ 8024.496004972013907, 41774.452858664582891 ], [ 8160.876686790194071, 41706.262517755487352 ], [ 8297.257368608377874, 41706.262517755487352 ], [ 8433.638050426558038, 41706.262517755487352 ], [ 8570.018732244741841, 41706.262517755487352 ], [ 8706.399414062922006, 41706.262517755487352 ], [ 8842.780095881105808, 41774.452858664582891 ], [ 8979.160777699285973, 41842.64319957367843 ], [ 9115.541459517469775, 41979.023881391854957 ], [ 9320.112482244741841, 42115.404563210038759 ], [ 9456.493164062922006, 42183.594904119127023 ], [ 9524.683504972013907, 42319.975585937310825 ], [ 9729.254527699285973, 42388.165926846399088 ], [ 9797.444868608377874, 42524.546608664582891 ], [ 10002.01589133564994, 42660.927290482766693 ], [ 10070.206232244741841, 42797.30797230094322 ], [ 10206.586914062922006, 42933.688654119127023 ], [ 10342.967595881105808, 43070.069335937310825 ], [ 10411.157936790194071, 43206.450017755487352 ], [ 10547.538618608377874, 43274.640358664582891 ], [ 10615.728959517469775, 43411.021040482766693 ], [ 10752.10964133564994, 43479.211381391854957 ], [ 10752.10964133564994, 43615.592063210038759 ], [ 10888.490323153830104, 43751.972745028222562 ], [ 10956.680664062922006, 43888.353426846399088 ], [ 11093.061345881105808, 43956.543767755487352 ], [ 11297.632368608377874, 44024.734108664582891 ], [ 11434.013050426558038, 44229.305131391854957 ], [ 11706.774414062922006, 44229.305131391854957 ], [ 11774.964754972013907, 44365.685813210038759 ], [ 11911.345436790194071, 44433.876154119127023 ], [ 12047.726118608377874, 44502.066495028222562 ], [ 12184.106800426558038, 44570.256835937310825 ], [ 12320.487482244741841, 44570.256835937310825 ], [ 12593.248845881105808, 44638.447176846399088 ], [ 12797.819868608377874, 44706.637517755494628 ], [ 12934.200550426558038, 44706.637517755494628 ], [ 13070.581232244741841, 44774.827858664582891 ], [ 13275.152254972013907, 44843.018199573671154 ], [ 13411.532936790194071, 44911.208540482766693 ], [ 13684.294300426558038, 44911.208540482766693 ], [ 13888.865323153830104, 44911.208540482766693 ], [ 14161.626686790194071, 44911.208540482766693 ], [ 14298.007368608377874, 44911.208540482766693 ], [ 14366.197709517469775, 44774.827858664582891 ], [ 14502.57839133564994, 44774.827858664582891 ], [ 14638.959073153830104, 44774.827858664582891 ], [ 14775.339754972013907, 44774.827858664582891 ], [ 14911.720436790194071, 44843.018199573671154 ], [ 15048.101118608377874, 44911.208540482766693 ], [ 15184.481800426558038, 44979.398881391854957 ], [ 15320.862482244741841, 45047.58922230094322 ], [ 16075.0, 44705.0 ], [ 15934.575550426558038, 45524.921608664582891 ], [ 16070.956232244741841, 45593.111949573671154 ], [ 16139.146573153830104, 45729.492631391854957 ], [ 16343.717595881105808, 45934.063654119127023 ], [ 16480.098277699285973, 45934.063654119127023 ], [ 16684.669300426558038, 46138.634676846399088 ], [ 16752.85964133564994, 46275.015358664582891 ], [ 16957.430664062922006, 46411.396040482766693 ], [ 17093.811345881105808, 46615.967063210038759 ], [ 17230.192027699285973, 46752.347745028222562 ], [ 17366.572709517469775, 46956.918767755487352 ], [ 17502.95339133564994, 46956.918767755487352 ], [ 17571.143732244741841, 47093.299449573671154 ], [ 17707.524414062922006, 47093.299449573671154 ], [ 17843.905095881105808, 47161.489790482766693 ], [ 17980.285777699285973, 47229.680131391854957 ], [ 18116.666459517466137, 47229.680131391854957 ], [ 18253.04714133564994, 47161.489790482766693 ], [ 18389.427823153830104, 47093.299449573671154 ], [ 18525.808504972013907, 46956.918767755487352 ], [ 18525.808504972013907, 46820.538085937310825 ], [ 18525.808504972013907, 46684.157404119127023 ], [ 18525.808504972013907, 46547.77672230094322 ], [ 18457.618164062922006, 46411.396040482766693 ], [ 18457.618164062922006, 46275.015358664582891 ], [ 18321.237482244741841, 46138.634676846399088 ], [ 18321.237482244741841, 46002.253995028222562 ], [ 18321.237482244741841, 45865.873313210038759 ], [ 18321.237482244741841, 45729.492631391854957 ], [ 18253.04714133564994, 45593.111949573671154 ], [ 18184.856800426558038, 45456.731267755487352 ], [ 18048.476118608377874, 45388.540926846399088 ], [ 17912.095436790194071, 45252.160245028222562 ], [ 17775.714754972013907, 45183.969904119127023 ], [ 17707.524414062922006, 45047.58922230094322 ], [ 17571.143732244741841, 44979.398881391854957 ], [ 17434.763050426558038, 44979.398881391854957 ], [ 17434.763050426558038, 44843.018199573671154 ], [ 17298.382368608377874, 44774.827858664582891 ], [ 16472.7, 44248.400000000001455 ], [ 15730.004527699285973, 43683.782404119127023 ], [ 15525.433504972013907, 43547.40172230094322 ], [ 15525.433504972013907, 43411.021040482766693 ], [ 15525.433504972013907, 43274.640358664582891 ], [ 15525.433504972013907, 43070.069335937310825 ], [ 15525.433504972013907, 42933.688654119127023 ], [ 15525.433504972013907, 42797.30797230094322 ], [ 15525.433504972013907, 42660.927290482766693 ], [ 15525.433504972013907, 42524.546608664582891 ], [ 15525.433504972013907, 42388.165926846399088 ], [ 15525.433504972013907, 42251.785245028222562 ], [ 15389.052823153830104, 42115.404563210038759 ], [ 15252.67214133564994, 42047.21422230094322 ], [ 15048.101118608377874, 41842.64319957367843 ], [ 14843.530095881105808, 41774.452858664582891 ], [ 14638.959073153830104, 41501.691495028222562 ], [ 14502.57839133564994, 41433.501154119127023 ], [ 14366.197709517469775, 41297.12047230094322 ], [ 14366.197709517469775, 41160.739790482766693 ], [ 14229.817027699285973, 41092.54944957367843 ], [ 14161.626686790194071, 40956.168767755487352 ], [ 14025.246004972013907, 40819.788085937310825 ], [ 13752.48464133564994, 40547.02672230094322 ], [ 13616.103959517469775, 40410.646040482766693 ], [ 13616.103959517469775, 40274.265358664582891 ], [ 13616.103959517469775, 40137.884676846399088 ], [ 13616.103959517469775, 40001.503995028222562 ], [ 13479.723277699285973, 39933.313654119127023 ], [ 13343.342595881105808, 39865.123313210038759 ], [ 13343.342595881105808, 39728.742631391854957 ], [ 13275.152254972013907, 39592.36194957367843 ], [ 13138.771573153830104, 39524.171608664582891 ], [ 13002.39089133564994, 39455.981267755487352 ], [ 12797.819868608377874, 39387.790926846399088 ], [ 12661.439186790194071, 39319.600585937310825 ], [ 12525.058504972013907, 39251.410245028222562 ], [ 12388.677823153830104, 39251.410245028222562 ], [ 12252.29714133564994, 39183.219904119127023 ], [ 12047.726118608377874, 39046.83922230094322 ], [ 11911.345436790194071, 39046.83922230094322 ], [ 11706.774414062922006, 38910.458540482766693 ], [ 11570.393732244741841, 38774.077858664582891 ], [ 11434.013050426558038, 38774.077858664582891 ], [ 11297.632368608377874, 38774.077858664582891 ], [ 11161.251686790194071, 38705.887517755487352 ], [ 11093.061345881105808, 38569.506835937310825 ], [ 10820.299982244741841, 38501.316495028222562 ], [ 10683.919300426558038, 38364.935813210038759 ], [ 10547.538618608377874, 38296.74547230094322 ], [ 10411.157936790194071, 38228.555131391854957 ], [ 10274.777254972013907, 38092.17444957367843 ], [ 10138.396573153830104, 38023.984108664582891 ], [ 9933.825550426558038, 37887.603426846399088 ], [ 9797.444868608377874, 37819.413085937310825 ], [ 9797.444868608377874, 37683.032404119127023 ], [ 9933.825550426558038, 37273.890358664582891 ], [ 10138.396573153830104, 37273.890358664582891 ], [ 10274.777254972013907, 37342.08069957367843 ], [ 10411.157936790194071, 37410.271040482766693 ], [ 10615.728959517469775, 37410.271040482766693 ], [ 10752.10964133564994, 37478.461381391854957 ], [ 10888.490323153830104, 37546.65172230094322 ], [ 10956.680664062922006, 37683.032404119127023 ], [ 11093.061345881105808, 37751.222745028222562 ], [ 11229.442027699285973, 37819.413085937310825 ], [ 11434.013050426558038, 37955.793767755487352 ], [ 11570.393732244741841, 37955.793767755487352 ], [ 11706.774414062922006, 37955.793767755487352 ], [ 11843.155095881105808, 37955.793767755487352 ], [ 11979.535777699285973, 37955.793767755487352 ], [ 12115.916459517469775, 37887.603426846399088 ], [ 12252.29714133564994, 37683.032404119127023 ], [ 12320.487482244741841, 37546.65172230094322 ], [ 12388.677823153830104, 37410.271040482766693 ], [ 12388.677823153830104, 37273.890358664582891 ], [ 12320.487482244741841, 37137.509676846399088 ], [ 12184.106800426558038, 37137.509676846399088 ], [ 11979.535777699285973, 37001.128995028222562 ], [ 11911.345436790194071, 36864.748313210038759 ], [ 11774.964754972013907, 36864.748313210038759 ], [ 11638.584073153830104, 36864.748313210038759 ], [ 11502.20339133564994, 36796.55797230094322 ], [ 11365.822709517469775, 36728.367631391854957 ], [ 11229.442027699285973, 36728.367631391854957 ], [ 11093.061345881105808, 36660.177290482766693 ], [ 10888.490323153830104, 36591.98694957367843 ], [ 10615.728959517469775, 36455.606267755487352 ], [ 10479.348277699285973, 36455.606267755487352 ], [ 10342.967595881105808, 36455.606267755487352 ], [ 10138.396573153830104, 36455.606267755487352 ], [ 9749.700000000000728, 35728.599999999998545 ], [ 9534.100000000000364, 35851.69999999999709 ], [ 9258.399999999999636, 35943.80000000000291 ], [ 9080.299999999999272, 36003.19999999999709 ], [ 8860.899999999999636, 36065.0 ], [ 8675.299999999999272, 36005.400000000001455 ], [ 8596.600000000000364, 36044.099999999998545 ], [ 8418.399999999999636, 36103.900000000001455 ], [ 8005.0, 36245.0 ], [ 7547.163618608377874, 35500.941495028222562 ], [ 7410.782936790194071, 35432.751154119127023 ], [ 7274.402254972013907, 35364.560813210038759 ], [ 7069.831232244741841, 35228.180131391854957 ], [ 6933.450550426558038, 35228.180131391854957 ], [ 6728.879527699285973, 35023.609108664582891 ], [ 6592.498845881105808, 34955.418767755487352 ], [ 6456.118164062922006, 34819.038085937310825 ], [ 6319.737482244741841, 34682.657404119127023 ], [ 6183.356800426558038, 34682.657404119127023 ], [ 6115.166459517469775, 34546.27672230094322 ], [ 5235.899999999999636, 34436.599999999998545 ], [ 5188.300000000000182, 34565.900000000001455 ], [ 5162.5, 34684.099999999998545 ], [ 5163.199999999999818, 35100.30000000000291 ], [ 3767.300000000000182, 35462.19999999999709 ], [ 3736.1, 35651.599999999998545 ], [ 4546.788618608377874, 36251.035245028222562 ], [ 4614.978959517469775, 36455.606267755487352 ], [ 4751.35964133564994, 36591.98694957367843 ], [ 4887.740323153833742, 36591.98694957367843 ], [ 4955.930664062922006, 36728.367631391854957 ], [ 5024.121004972013907, 36864.748313210038759 ], [ 5160.501686790194071, 36932.938654119127023 ], [ 5878.300000000000182, 37414.099999999998545 ], [ 5845.0, 37595.0 ] ] ] ] } },
{ "type": "Feature", "properties": { "fid": 5, "name": "Granite South", "feature_type": "granite", "grounded": true, "priority_rank": 3 }, "geometry": { "type": "MultiPolygon", "coordinates": [ [ [ [ 36493.963334517495241, -48032.226118608137767 ], [ 36187.106800426583504, -47827.655095880865701 ], [ 36118.916459517495241, -47827.655095880865701 ], [ 36084.821289062951109, -47895.845436789953965 ], [ 36016.63094815385557, -47929.940607244498096 ], [ 35948.440607244767307, -47998.130948153593636 ], [ 35948.440607244767307, -48066.321289062681899 ], [ 35914.345436790215899, -48134.511629971777438 ], [ 35846.155095881127636, -48236.797141335409833 ], [ 35812.059925426583504, -48339.082652699042228 ], [ 35777.964754972039373, -48407.272993608137767 ], [ 35709.774414062951109, -48475.463334517226031 ], [ 35675.679243608399702, -48543.65367542632157 ], [ 35607.488902699311438, -48577.748845880865701 ], [ 35505.203391335671768, -48645.939186789953965 ], [ 35437.013050426583504, -48645.939186789953965 ], [ 35368.822709517495241, -48645.939186789953965 ], [ 35266.53719815385557, -48645.939186789953965 ], [ 35164.251686790215899, -48611.844016335409833 ], [ 35096.061345881127636, -48611.844016335409833 ], [ 35027.871004972039373, -48611.844016335409833 ], [ 35027.871004972039373, -48543.65367542632157 ], [ 35061.966175426583504, -48441.368164062681899 ], [ 35061.966175426583504, -48339.082652699042228 ], [ 35061.966175426583504, -48270.892311789953965 ], [ 35096.061345881127636, -48202.701970880865701 ], [ 35130.156516335671768, -48134.511629971777438 ], [ 35164.251686790215899, -48066.321289062681899 ], [ 35232.442027699311438, -48032.226118608137767 ], [ 35266.53719815385557, -47964.035777699042228 ], [ 35334.727539062951109, -47929.940607244498096 ], [ 35402.917879972039373, -47895.845436789953965 ], [ 35437.013050426583504, -47827.655095880865701 ], [ 35505.203391335671768, -47759.464754971777438 ], [ 35539.298561790215899, -47657.179243608137767 ], [ 35539.298561790215899, -47588.988902699042228 ], [ 35539.298561790215899, -47520.798561789953965 ], [ 35539.298561790215899, -47452.608220880865701 ], [ 35607.488902699311438, -47384.417879971777438 ], [ 35675.679243608399702, -47350.322709517226031 ], [ 35709.774414062951109, -47282.132368608137767 ], [ 35777.964754972039373, -47248.037198153593636 ], [ 35846.155095881127636, -47213.942027699042228 ], [ 35914.345436790215899, -47179.846857244498096 ], [ 35948.440607244767307, -47111.656516335409833 ], [ 36016.63094815385557, -47077.561345880865701 ], [ 36084.821289062951109, -47009.371004971777438 ], [ 36084.821289062951109, -46941.180664062681899 ], [ 36331.400000000001455, -46589.69999999999709 ], [ 36315.19999999999709, -46456.599999999998545 ], [ 37052.5, -46285.900000000001455 ], [ 37075.0, -46195.0 ], [ 37246.599999999998545, -46024.80000000000291 ], [ 37379.69999999999709, -46066.80000000000291 ], [ 37518.400000000001455, -45963.900000000001455 ], [ 37672.19999999999709, -45870.30000000000291 ], [ 37957.400000000001455, -45552.80000000000291 ], [ 38103.19999999999709, -45350.30000000000291 ], [ 38185.0, -45205.0 ], [ 38270.30000000000291, -45121.400000000001455 ], [ 38362.19999999999709, -45092.69999999999709 ], [ 38512.19999999999709, -45092.69999999999709 ], [ 38665.900000000001455, -45062.5 ], [ 38607.863902699311438, -44656.804243608137767 ], [ 38676.054243608399702, -44622.709073153593636 ], [ 38710.149414062951109, -44554.518732244498096 ], [ 38744.244584517495241, -44486.328391335409833 ], [ 38812.434925426583504, -44452.233220880865701 ], [ 38812.434925426583504, -44384.042879971777438 ], [ 38880.625266335671768, -44349.947709517226031 ], [ 38948.815607244760031, -44281.757368608137767 ], [ 38982.910777699311438, -44213.567027699049504 ], [ 39051.101118608399702, -44213.567027699049504 ], [ 39193.208723588868452, -44161.691758589506207 ], [ 39221.576970881127636, -43974.900834517226031 ], [ 39221.576970881127636, -43906.710493608137767 ], [ 39602.5, -43734.099999999998545 ], [ 39662.69999999999709, -43377.80000000000291 ], [ 39685.0, -43225.0 ], [ 40005.765891335671768, -42883.855379971777438 ], [ 40039.861061790215899, -42781.569868608137767 ], [ 40039.861061790215899, -42713.379527699049504 ], [ 40108.051402699311438, -42679.284357244498096 ], [ 40176.241743608399702, -42576.998845880865701 ], [ 40176.241743608399702, -42508.808504971777438 ], [ 40278.527254972039373, -42440.618164062681899 ], [ 40278.527254972039373, -42372.427823153593636 ], [ 40346.717595881127636, -42338.332652699049504 ], [ 40414.907936790215899, -42201.951970880865701 ], [ 40414.907936790215899, -42133.761629971777438 ], [ 40414.907936790215899, -42065.571289062681899 ], [ 40449.003107244760031, -41997.380948153593636 ], [ 40449.003107244760031, -41929.190607244498096 ], [ 40449.003107244760031, -41792.80992542632157 ], [ 40483.098277699311438, -41690.524414062681899 ], [ 40483.098277699311438, -41622.334073153593636 ], [ 40551.288618608399702, -41554.143732244498096 ], [ 40585.383789062951109, -41485.953391335409833 ], [ 40585.383789062951109, -41417.76305042632157 ], [ 40653.574129972039373, -41383.667879971777438 ], [ 40653.574129972039373, -41315.477539062681899 ], [ 40687.669300426583504, -41247.287198153593636 ], [ 40721.764470881127636, -41179.096857244498096 ], [ 40755.859641335671768, -41110.906516335409833 ], [ 40957.633794611603662, -40905.602980180417944 ], [ 41005.0, -40705.0 ], [ 41199.096857244760031, -40326.717595880865701 ], [ 41199.096857244760031, -40258.527254971777438 ], [ 41267.28719815385557, -40156.241743608137767 ], [ 41267.28719815385557, -40088.051402699049504 ], [ 41301.382368608399702, -39985.765891335409833 ], [ 41335.477539062951109, -39917.57555042632157 ], [ 41369.572709517495241, -39849.385209517226031 ], [ 41403.667879972039373, -39747.099698153593636 ], [ 41471.858220881127636, -39713.004527699049504 ], [ 41540.048561790215899, -39678.909357244498096 ], [ 41608.238902699311438, -39610.719016335409833 ], [ 41676.429243608399702, -39542.52867542632157 ], [ 41744.619584517495241, -39474.338334517226031 ], [ 41812.809925426583504, -39440.243164062681899 ], [ 41812.809925426583504, -39337.957652699049504 ], [ 41846.905095881127636, -39269.767311789953965 ], [ 41846.905095881127636, -39167.48180042632157 ], [ 41846.905095881127636, -39099.291459517226031 ], [ 41915.095436790215899, -39031.101118608137767 ], [ 41949.190607244760031, -38962.910777699049504 ], [ 41983.285777699311438, -38894.720436789953965 ], [ 42051.476118608399702, -38826.530095880865701 ], [ 42085.571289062951109, -38724.244584517226031 ], [ 42085.571289062951109, -38656.054243608137767 ], [ 42085.571289062951109, -38587.863902699049504 ], [ 42119.666459517495241, -38519.673561789953965 ], [ 42187.856800426583504, -38553.768732244498096 ], [ 42256.047141335671768, -38553.768732244498096 ], [ 42324.237482244760031, -38553.768732244498096 ], [ 42358.332652699311438, -38621.959073153593636 ], [ 42426.522993608399702, -38621.959073153593636 ], [ 42494.713334517495241, -38656.054243608137767 ], [ 42596.998845881127636, -38690.149414062681899 ], [ 42596.998845881127636, -38758.339754971777438 ], [ 42562.903675426583504, -38826.530095880865701 ], [ 42528.808504972039373, -38894.720436789953965 ], [ 42494.713334517495241, -38962.910777699049504 ], [ 42494.713334517495241, -39031.101118608137767 ], [ 42494.713334517495241, -39099.291459517226031 ], [ 42494.713334517495241, -39167.48180042632157 ], [ 42494.713334517495241, -39235.672141335409833 ], [ 42494.713334517495241, -39303.862482244498096 ], [ 42494.713334517495241, -39372.052823153593636 ], [ 42494.713334517495241, -39474.338334517226031 ], [ 42494.713334517495241, -39542.52867542632157 ], [ 42494.713334517495241, -39610.719016335409833 ], [ 42460.618164062951109, -39678.909357244498096 ], [ 42460.618164062951109, -39747.099698153593636 ], [ 42426.522993608399702, -39815.290039062681899 ], [ 42392.42782315385557, -39883.480379971777438 ], [ 42392.42782315385557, -39951.670720880865701 ], [ 42392.42782315385557, -40019.861061789953965 ], [ 42358.332652699311438, -40088.051402699049504 ], [ 42324.237482244760031, -40190.336914062681899 ], [ 42324.237482244760031, -40292.62242542632157 ], [ 42290.142311790215899, -40394.907936789953965 ], [ 42256.047141335671768, -40463.098277699049504 ], [ 42256.047141335671768, -40531.288618608137767 ], [ 42187.856800426583504, -40565.383789062681899 ], [ 42153.761629972039373, -40633.574129971777438 ], [ 42085.571289062951109, -40701.764470880865701 ], [ 42085.571289062951109, -40804.049982244498096 ], [ 42017.38094815385557, -40838.145152699049504 ], [ 42017.38094815385557, -40906.335493608137767 ], [ 42017.38094815385557, -40974.525834517226031 ], [ 41949.190607244760031, -41008.621004971777438 ], [ 41949.190607244760031, -41110.906516335409833 ], [ 41949.190607244760031, -41179.096857244498096 ], [ 41915.095436790215899, -41247.287198153593636 ], [ 41733.298922452515399, -41459.649500066778273 ], [ 41714.69999999999709, -41714.0 ], [ 41471.858220881127636, -42099.666459517226031 ], [ 41471.858220881127636, -42167.85680042632157 ], [ 41437.763050426583504, -42236.047141335409833 ], [ 41437.763050426583504, -42338.332652699049504 ], [ 41437.763050426583504, -42406.522993608137767 ], [ 41437.763050426583504, -42474.713334517226031 ], [ 41437.763050426583504, -42542.90367542632157 ], [ 41403.667879972039373, -42645.189186789953965 ], [ 41403.667879972039373, -42747.474698153593636 ], [ 41369.572709517495241, -42815.665039062681899 ], [ 41369.572709517495241, -42883.855379971777438 ], [ 41369.572709517495241, -42952.045720880865701 ], [ 41335.477539062951109, -43020.236061789953965 ], [ 41301.382368608399702, -43088.426402699049504 ], [ 41267.28719815385557, -43156.616743608137767 ], [ 41267.28719815385557, -43224.807084517226031 ], [ 41233.192027699311438, -43292.99742542632157 ], [ 41165.001686790215899, -43361.187766335409833 ], [ 41130.906516335671768, -43463.473277699049504 ], [ 41130.906516335671768, -43531.663618608137767 ], [ 41130.906516335671768, -43599.853959517226031 ], [ 41130.906516335671768, -43668.04430042632157 ], [ 41096.811345881127636, -43736.234641335409833 ], [ 41096.811345881127636, -43804.424982244498096 ], [ 41096.811345881127636, -43872.615323153593636 ], [ 41028.621004972039373, -43974.900834517226031 ], [ 40994.525834517495241, -44043.09117542632157 ], [ 40960.430664062951109, -44111.281516335409833 ], [ 40892.24032315385557, -44145.376686789953965 ], [ 40858.145152699311438, -44213.567027699049504 ], [ 40789.954811790215899, -44247.662198153593636 ], [ 40721.764470881127636, -44281.757368608137767 ], [ 40721.764470881127636, -44349.947709517226031 ], [ 40653.574129972039373, -44384.042879971777438 ], [ 40585.383789062951109, -44452.233220880865701 ], [ 40585.383789062951109, -44520.423561789953965 ], [ 40517.19344815385557, -44554.518732244498096 ], [ 40517.19344815385557, -44622.709073153593636 ], [ 40449.003107244760031, -44656.804243608137767 ], [ 40449.003107244760031, -44759.089754971777438 ], [ 40449.003107244760031, -44827.280095880865701 ], [ 40449.003107244760031, -44895.470436789953965 ], [ 40449.003107244760031, -44963.660777699049504 ], [ 40449.003107244760031, -45031.851118608137767 ], [ 40414.907936790215899, -45100.041459517226031 ], [ 40312.622425426583504, -45202.326970880865701 ], [ 40278.527254972039373, -45270.517311789953965 ], [ 40176.241743608399702, -45338.707652699049504 ], [ 40108.051402699311438, -45406.897993608137767 ], [ 40039.861061790215899, -45440.993164062681899 ], [ 39937.575550426583504, -45475.088334517226031 ], [ 39903.480379972039373, -45543.27867542632157 ], [ 39835.290039062951109, -45577.373845880865701 ], [ 39767.09969815385557, -45611.469016335409833 ], [ 39767.09969815385557, -45679.659357244498096 ], [ 39733.004527699311438, -45747.849698153593636 ], [ 39664.814186790215899, -45781.944868608137767 ], [ 39630.719016335671768, -45850.135209517226031 ], [ 39562.528675426583504, -45884.230379971777438 ], [ 39528.433504972039373, -45952.420720880865701 ], [ 39175.0, -46165.0 ], [ 39046.099999999998545, -46441.599999999998545 ], [ 38971.400000000001455, -46520.30000000000291 ], [ 38925.900000000001455, -46623.400000000001455 ], [ 38816.80000000000291, -46739.69999999999709 ], [ 38437.388050426583504, -46566.133789062681899 ], [ 38369.197709517495241, -46634.324129971777438 ], [ 38301.007368608399702, -46634.324129971777438 ], [ 38266.91219815385557, -46702.514470880865701 ], [ 38164.626686790215899, -46736.609641335409833 ], [ 38130.531516335671768, -46804.799982244498096 ], [ 38028.246004972039373, -46838.895152699042228 ], [ 37960.055664062951109, -46907.085493608137767 ], [ 37857.770152699311438, -46941.180664062681899 ], [ 37789.579811790215899, -46975.275834517226031 ], [ 37687.294300426583504, -46975.275834517226031 ], [ 37585.008789062951109, -47009.371004971777438 ], [ 37516.81844815385557, -47043.46617542632157 ], [ 37134.30000000000291, -46876.599999999998545 ], [ 37075.0, -46945.0 ], [ 37175.866743608399702, -47350.322709517226031 ], [ 37175.866743608399702, -47418.51305042632157 ], [ 37175.866743608399702, -47520.798561789953965 ], [ 37107.676402699311438, -47554.893732244498096 ], [ 37039.486061790215899, -47657.179243608137767 ], [ 36971.295720881127636, -47725.369584517226031 ], [ 36903.105379972039373, -47759.464754971777438 ], [ 36834.915039062951109, -47793.55992542632157 ], [ 36766.72469815385557, -47793.55992542632157 ], [ 36698.534357244767307, -47929.940607244498096 ], [ 36630.344016335671768, -47964.035777699042228 ], [ 36493.963334517495241, -48032.226118608137767 ] ] ] ] } },
{ "type": "Feature", "properties": { "fid": 7, "name": "Marble North", "feature_type": "marble", "grounded": true, "priority_rank": 1 }, "geometry": { "type": "MultiPolygon", "coordinates": [ [ [ [ 26963.69727117412549, 16457.390361438912805 ], [ 26895.506930265033589, 16457.390361438912805 ], [ 26827.316589355941687, 16457.390361438912805 ], [ 26759.126248446853424, 16491.485531893456937 ], [ 26690.935907537757885, 16491.485531893456937 ], [ 26622.745566628669621, 16559.675872802548838 ], [ 26554.55522571957772, 16559.675872802548838 ], [ 26486.364884810485819, 16627.866213711637101 ], [ 26418.174543901397556, 16627.866213711637101 ], [ 26349.984202992305654, 16627.866213711637101 ], [ 26315.889032537757885, 16696.056554620732641 ], [ 26247.698691628669621, 16764.246895529820904 ], [ 26179.50835071957772, 16764.246895529820904 ], [ 25977.068276145728305, 16843.091977205960575 ], [ 25736.271134810485819, 17037.008259166184871 ], [ 25668.080793901397556, 17037.008259166184871 ], [ 25599.890452992305654, 17071.103429620732641 ], [ 25531.700112083213753, 17071.103429620732641 ], [ 25463.50977117412549, 17071.103429620732641 ], [ 25361.224259810485819, 17071.103429620732641 ], [ 25258.938748446853424, 17071.103429620732641 ], [ 25190.748407537757885, 17071.103429620732641 ], [ 25122.558066628669621, 17071.103429620732641 ], [ 25054.36772571957772, 17071.103429620732641 ], [ 24952.082214355941687, 17071.103429620732641 ], [ 24883.891873446853424, 17071.103429620732641 ], [ 24815.701532537757885, 17071.103429620732641 ], [ 24747.511191628669621, 17071.103429620732641 ], [ 24679.32085071957772, 17071.103429620732641 ], [ 24611.130509810485819, 17071.103429620732641 ], [ 24542.940168901397556, 17071.103429620732641 ], [ 24474.749827992305654, 17105.198600075276772 ], [ 24406.559487083213753, 17105.198600075276772 ], [ 24338.36914617412549, 17173.388940984365036 ], [ 24270.178805265033589, 17173.388940984365036 ], [ 24201.988464355941687, 17241.579281893456937 ], [ 23753.853396883947426, 17392.755249578305666 ], [ 23658.596685236636404, 17456.805045387776772 ], [ 23383.704373446853424, 17582.530986438912805 ], [ 23315.514032537757885, 17616.626156893456937 ], [ 23281.418862083213753, 17684.816497802548838 ], [ 23179.13335071957772, 17684.816497802548838 ], [ 23179.13335071957772, 17753.006838711637101 ], [ 23110.943009810485819, 17753.006838711637101 ], [ 23076.847839355941687, 17821.197179620732641 ], [ 22974.562327992305654, 17889.387520529820904 ], [ 22906.371987083213753, 17957.577861438912805 ], [ 22838.18164617412549, 17991.673031893456937 ], [ 22769.991305265033589, 18025.768202348004706 ], [ 22735.896134810485819, 18093.95854325709297 ], [ 22667.705793901397556, 18128.053713711637101 ], [ 22599.515452992305654, 18196.244054620732641 ], [ 22531.325112083213753, 18264.434395529820904 ], [ 22429.03960071957772, 18264.434395529820904 ], [ 22360.849259810485819, 18264.434395529820904 ], [ 22292.658918901397556, 18332.624736438912805 ], [ 22224.468577992305654, 18332.624736438912805 ], [ 22122.183066628669621, 18332.624736438912805 ], [ 22053.99272571957772, 18332.624736438912805 ], [ 21985.802384810485819, 18332.624736438912805 ], [ 21883.516873446853424, 18332.624736438912805 ], [ 21815.326532537761523, 18332.624736438912805 ], [ 21713.04102117412549, 18332.624736438912805 ], [ 21610.755509810485819, 18332.624736438912805 ], [ 21508.469998446853424, 18332.624736438912805 ], [ 21440.279657537761523, 18332.624736438912805 ], [ 21372.089316628669621, 18332.624736438912805 ], [ 21303.89897571957772, 18332.624736438912805 ], [ 21201.613464355941687, 18332.624736438912805 ], [ 21133.423123446853424, 18332.624736438912805 ], [ 21065.232782537761523, 18332.624736438912805 ], [ 20997.042441628669621, 18332.624736438912805 ], [ 20894.756930265033589, 18332.624736438912805 ], [ 20826.566589355941687, 18400.815077348004706 ], [ 20758.376248446853424, 18400.815077348004706 ], [ 20690.185907537761523, 18400.815077348004706 ], [ 20587.90039617412549, 18400.815077348004706 ], [ 20519.710055265033589, 18434.910247802548838 ], [ 20451.519714355941687, 18434.910247802548838 ], [ 20383.329373446853424, 18434.910247802548838 ], [ 20315.139032537761523, 18434.910247802548838 ], [ 20246.948691628669621, 18434.910247802548838 ], [ 20178.75835071957772, 18434.910247802548838 ], [ 20110.568009810485819, 18434.910247802548838 ], [ 20042.377668901397556, 18434.910247802548838 ], [ 19905.996987083213753, 18434.910247802548838 ], [ 19626.842778986629128, 18437.041195955967851 ], [ 19326.379089355941687, 18332.624736438912805 ], [ 19258.188748446853424, 18332.624736438912805 ], [ 19121.808066628669621, 18332.624736438912805 ], [ 19053.61772571957772, 18332.624736438912805 ], [ 18951.332214355941687, 18332.624736438912805 ], [ 18883.141873446853424, 18332.624736438912805 ], [ 18814.951532537761523, 18332.624736438912805 ], [ 18746.761191628669621, 18332.624736438912805 ], [ 18678.57085071957772, 18332.624736438912805 ], [ 18610.380509810485819, 18332.624736438912805 ], [ 18542.190168901397556, 18332.624736438912805 ], [ 18473.999827992305654, 18332.624736438912805 ], [ 18405.809487083213753, 18332.624736438912805 ], [ 18337.61914617412549, 18332.624736438912805 ], [ 18269.428805265033589, 18332.624736438912805 ], [ 18201.238464355941687, 18332.624736438912805 ], [ 18133.048123446853424, 18332.624736438912805 ], [ 18064.857782537761523, 18332.624736438912805 ], [ 17996.667441628669621, 18332.624736438912805 ], [ 17928.47710071957772, 18332.624736438912805 ], [ 17860.286759810485819, 18332.624736438912805 ], [ 17792.096418901397556, 18332.624736438912805 ], [ 17723.906077992305654, 18332.624736438912805 ], [ 17655.715737083213753, 18332.624736438912805 ], [ 17587.52539617412549, 18366.719906893456937 ], [ 17519.335055265033589, 18366.719906893456937 ], [ 17451.144714355941687, 18366.719906893456937 ], [ 17382.954373446853424, 18400.815077348004706 ], [ 17314.764032537761523, 18434.910247802548838 ], [ 17246.573691628669621, 18434.910247802548838 ], [ 17178.38335071957772, 18469.00541825709297 ], [ 17110.193009810485819, 18503.100588711637101 ], [ 17042.002668901397556, 18537.195759166184871 ], [ 16939.717157537761523, 18571.290929620732641 ], [ 16905.621987083213753, 18639.481270529820904 ], [ 16837.43164617412549, 18673.576440984365036 ], [ 16769.241305265033589, 18673.576440984365036 ], [ 16701.050964355941687, 18707.671611438912805 ], [ 16632.860623446853424, 18707.671611438912805 ], [ 16598.765452992305654, 18775.861952348004706 ], [ 16530.575112083213753, 18775.861952348004706 ], [ 16428.28960071957772, 18809.957122802548838 ], [ 16360.099259810489457, 18844.05229325709297 ], [ 16291.908918901397556, 18878.147463711637101 ], [ 16223.718577992305654, 18912.242634166184871 ], [ 16155.528237083213753, 18946.337804620732641 ], [ 16087.33789617412549, 19014.528145529820904 ], [ 16019.147555265033589, 19082.718486438912805 ], [ 15950.957214355941687, 19082.718486438912805 ], [ 15882.766873446853424, 19150.908827348004706 ], [ 15814.576532537761523, 19150.908827348004706 ], [ 15814.576532537761523, 19219.09916825709297 ], [ 15746.386191628669621, 19219.09916825709297 ], [ 15678.195850719581358, 19253.194338711637101 ], [ 15610.005509810485819, 19287.289509166184871 ], [ 15575.910339355941687, 19355.479850075276772 ], [ 15157.95339688394597, 19580.955249578302755 ], [ 15187.95339688394597, 19820.955249578302755 ], [ 15367.95339688394597, 20166.85524957830421 ], [ 15746.386191628669621, 20003.288088711637101 ], [ 15814.576532537761523, 20003.288088711637101 ], [ 15882.766873446853424, 20003.288088711637101 ], [ 15950.957214355941687, 20003.288088711637101 ], [ 16019.147555265033589, 20003.288088711637101 ], [ 16087.33789617412549, 20003.288088711637101 ], [ 16155.528237083213753, 20003.288088711637101 ], [ 16223.718577992305654, 20003.288088711637101 ], [ 16291.908918901397556, 20003.288088711637101 ], [ 16360.099259810489457, 20037.383259166184871 ], [ 16394.194430265033589, 20105.573600075276772 ], [ 16462.38477117412549, 20139.668770529820904 ], [ 16530.575112083213753, 20173.763940984365036 ], [ 16598.765452992305654, 20207.859111438909167 ], [ 16632.860623446853424, 20276.049452348004706 ], [ 16701.050964355941687, 20310.144622802548838 ], [ 16769.241305265033589, 20344.23979325709297 ], [ 16769.241305265033589, 20412.430134166184871 ], [ 16837.43164617412549, 20446.525304620732641 ], [ 16905.621987083213753, 20480.620475075276772 ], [ 17007.907498446853424, 20514.715645529820904 ], [ 17076.097839355941687, 20582.905986438909167 ], [ 17144.288180265033589, 20582.905986438909167 ], [ 17212.47852117412549, 20582.905986438909167 ], [ 17314.764032537761523, 20582.905986438909167 ], [ 17382.954373446853424, 20582.905986438909167 ], [ 17451.144714355941687, 20582.905986438909167 ], [ 17519.335055265033589, 20582.905986438909167 ], [ 17587.52539617412549, 20582.905986438909167 ], [ 17655.715737083213753, 20582.905986438909167 ], [ 17723.906077992305654, 20582.905986438909167 ], [ 17792.096418901397556, 20582.905986438909167 ], [ 17860.286759810485819, 20582.905986438909167 ], [ 17962.57227117412549, 20582.905986438909167 ], [ 18030.762612083213753, 20582.905986438909167 ], [ 18133.048123446853424, 20582.905986438909167 ], [ 18235.333634810485819, 20548.810815984365036 ], [ 18303.52397571957772, 20548.810815984365036 ], [ 18371.714316628669621, 20514.715645529820904 ], [ 18439.904657537761523, 20480.620475075276772 ], [ 18542.190168901397556, 20480.620475075276772 ], [ 18678.57085071957772, 20480.620475075276772 ], [ 18746.761191628669621, 20480.620475075276772 ], [ 18814.951532537761523, 20480.620475075276772 ], [ 18883.141873446853424, 20480.620475075276772 ], [ 18951.332214355941687, 20446.525304620732641 ], [ 19387.95339688394597, 20346.85524957830421 ], [ 19537.95339688394597, 20346.85524957830421 ], [ 19572.153396883946698, 20255.955249578302755 ], [ 19657.95339688394597, 20136.85524957830421 ], [ 20076.472839355941687, 20037.383259166184871 ], [ 20144.663180265033589, 20037.383259166184871 ], [ 20246.948691628669621, 20037.383259166184871 ], [ 20315.139032537761523, 20003.288088711637101 ], [ 20383.329373446853424, 19969.19291825709297 ], [ 20485.614884810485819, 19935.097747802548838 ], [ 20587.90039617412549, 19935.097747802548838 ], [ 20690.185907537761523, 19935.097747802548838 ], [ 20758.376248446853424, 19935.097747802548838 ], [ 20826.566589355941687, 19935.097747802548838 ], [ 20894.756930265033589, 19935.097747802548838 ], [ 20962.94727117412549, 19935.097747802548838 ], [ 21031.137612083213753, 19935.097747802548838 ], [ 21133.423123446853424, 19935.097747802548838 ], [ 21201.613464355941687, 19935.097747802548838 ], [ 21269.803805265033589, 19935.097747802548838 ], [ 21372.089316628669621, 19935.097747802548838 ], [ 21508.469998446853424, 19935.097747802548838 ], [ 21576.660339355941687, 19935.097747802548838 ], [ 21644.850680265033589, 19935.097747802548838 ], [ 21747.136191628669621, 19935.097747802548838 ], [ 21815.326532537761523, 19935.097747802548838 ], [ 21951.707214355941687, 19935.097747802548838 ], [ 22088.08789617412549, 19935.097747802548838 ], [ 22156.278237083213753, 19935.097747802548838 ], [ 22224.468577992305654, 19935.097747802548838 ], [ 22292.658918901397556, 19935.097747802548838 ], [ 22360.849259810485819, 19935.097747802548838 ], [ 22429.03960071957772, 19901.002577348004706 ], [ 22633.610623446853424, 19901.002577348004706 ], [ 22701.800964355941687, 19866.907406893456937 ], [ 22769.991305265033589, 19798.717065984365036 ], [ 22838.18164617412549, 19764.621895529820904 ], [ 22906.371987083213753, 19764.621895529820904 ], [ 23042.752668901397556, 19696.431554620732641 ], [ 23110.943009810485819, 19696.431554620732641 ], [ 23145.038180265033589, 19628.241213711637101 ], [ 23213.22852117412549, 19628.241213711637101 ], [ 23281.418862083213753, 19594.14604325709297 ], [ 23315.514032537757885, 19525.955702348004706 ], [ 23417.799543901397556, 19491.860531893456937 ], [ 23485.989884810485819, 19457.765361438912805 ], [ 23554.18022571957772, 19389.575020529820904 ], [ 23622.370566628669621, 19355.479850075276772 ], [ 23724.656077992305654, 19287.289509166184871 ], [ 23758.751248446853424, 19219.09916825709297 ], [ 23792.846418901397556, 19150.908827348004706 ], [ 23861.036759810485819, 19116.813656893456937 ], [ 23861.036759810485819, 19048.623315984365036 ], [ 23895.131930265033589, 18980.432975075276772 ], [ 23963.32227117412549, 18912.242634166184871 ], [ 23997.417441628669621, 18844.05229325709297 ], [ 24065.607782537757885, 18809.957122802548838 ], [ 24133.798123446853424, 18707.671611438912805 ], [ 24585.653396883946698, 18579.655249578303483 ], [ 24608.99956165709591, 18581.945670387776772 ], [ 24724.070761941180535, 18586.20756669459297 ], [ 25020.272555265033589, 18503.100588711637101 ], [ 25088.46289617412549, 18503.100588711637101 ], [ 25156.653237083213753, 18503.100588711637101 ], [ 25224.843577992305654, 18503.100588711637101 ], [ 25293.033918901397556, 18537.195759166184871 ], [ 25361.224259810485819, 18537.195759166184871 ], [ 25497.604941628669621, 18537.195759166184871 ], [ 25565.795282537757885, 18537.195759166184871 ], [ 25633.985623446853424, 18537.195759166184871 ], [ 25736.271134810485819, 18537.195759166184871 ], [ 25804.46147571957772, 18537.195759166184871 ], [ 25872.651816628669621, 18537.195759166184871 ], [ 25974.937327992305654, 18503.100588711637101 ], [ 26043.127668901397556, 18503.100588711637101 ], [ 26145.413180265033589, 18469.00541825709297 ], [ 26373.424632679823844, 18360.327062433229003 ], [ 26569.471862793459877, 18402.946025501409167 ], [ 26668.153396883946698, 18418.455249578302755 ], [ 27031.887612083213753, 18196.244054620732641 ], [ 27100.077952992305654, 18162.148884166184871 ], [ 27168.268293901397556, 18128.053713711637101 ], [ 27236.458634810485819, 18128.053713711637101 ], [ 27372.839316628669621, 18093.95854325709297 ], [ 27475.124827992305654, 18093.95854325709297 ], [ 27543.315168901397556, 18093.95854325709297 ], [ 27611.505509810485819, 18059.863372802548838 ], [ 27713.79102117412549, 18059.863372802548838 ], [ 27816.076532537757885, 18059.863372802548838 ], [ 27884.266873446853424, 17991.673031893456937 ], [ 27952.457214355941687, 17991.673031893456937 ], [ 28020.647555265033589, 17991.673031893456937 ], [ 28088.83789617412549, 17957.577861438912805 ], [ 28191.123407537757885, 17855.292350075276772 ], [ 28225.218577992305654, 17787.102009166184871 ], [ 28293.408918901397556, 17718.91166825709297 ], [ 28327.504089355941687, 17650.721327348004706 ], [ 28429.78960071957772, 17582.530986438912805 ], [ 28497.979941628669621, 17548.435815984365036 ], [ 28566.170282537757885, 17514.340645529820904 ], [ 28600.265452992305654, 17446.150304620732641 ], [ 28668.455793901397556, 17446.150304620732641 ], [ 28981.705172452537226, 17341.733845103681233 ], [ 29146.153396883946698, 17351.555249578304938 ], [ 29956.153396883946698, 17201.555249578304938 ], [ 29977.95339688394597, 17136.85524957830421 ], [ 30270.928805265033589, 16764.246895529820904 ], [ 30339.11914617412549, 16730.151725075276772 ], [ 30407.309487083213753, 16696.056554620732641 ], [ 30441.404657537757885, 16627.866213711637101 ], [ 30509.594998446853424, 16627.866213711637101 ], [ 30577.785339355941687, 16593.77104325709297 ], [ 30645.975680265029951, 16593.77104325709297 ], [ 30680.070850719581358, 16525.580702348001068 ], [ 30748.261191628669621, 16491.485531893456937 ], [ 30816.451532537757885, 16491.485531893456937 ], [ 30884.641873446853424, 16491.485531893456937 ], [ 30952.832214355941687, 16491.485531893456937 ], [ 31055.117725719581358, 16491.485531893456937 ], [ 31225.593577992302016, 16491.485531893456937 ], [ 31361.974259810485819, 16491.485531893456937 ], [ 31464.25977117412549, 16491.485531893456937 ], [ 31532.450112083213753, 16491.485531893456937 ], [ 31634.735623446853424, 16491.485531893456937 ], [ 31737.021134810485819, 16525.580702348001068 ], [ 31839.30664617412549, 16559.675872802548838 ], [ 31907.496987083213753, 16559.675872802548838 ], [ 32009.782498446853424, 16559.675872802548838 ], [ 32077.972839355941687, 16559.675872802548838 ], [ 32146.163180265029951, 16559.675872802548838 ], [ 32214.35352117412549, 16559.675872802548838 ], [ 32282.543862083213753, 16559.675872802548838 ], [ 32350.734202992302016, 16525.580702348001068 ], [ 32453.019714355941687, 16491.485531893456937 ], [ 32589.40039617412549, 16423.295190984368674 ], [ 32750.15339688394306, 16009.155249578303483 ], [ 33113.613641912765161, 15856.462982177543381 ], [ 33203.113464355948963, 15752.04652266049743 ], [ 33240.45339688394597, 15635.955249578304574 ], [ 33350.148886941176897, 15526.166018399133463 ], [ 33612.255509810485819, 15434.535247802548838 ], [ 33680.445850719581358, 15400.440077348002887 ], [ 34006.480918191176897, 15370.606803200274953 ], [ 34115.159274015037226, 15268.32129183663892 ], [ 34142.65339688394306, 15214.055249578304938 ], [ 34345.65339688394306, 14629.055249578304938 ], [ 34487.053396883944515, 14398.455249578304574 ], [ 34678.853396883947426, 14205.255249578303847 ], [ 35295.65339688394306, 14194.055249578304938 ], [ 35407.95339688394597, 14510.955249578304574 ], [ 35411.253396883948881, 14585.955249578304574 ], [ 35467.95339688394597, 14646.85524957830421 ], [ 35370.253396883948881, 14914.055249578304938 ], [ 35426.95339688394597, 15077.155249578303483 ], [ 35726.156077992302016, 15366.344906893456937 ], [ 35760.251248446853424, 15434.535247802548838 ], [ 35828.441589355941687, 15502.72558871163892 ], [ 35896.631930265029951, 15605.011100075274953 ], [ 35964.82227117412549, 15673.201440984366855 ], [ 36033.012612083213753, 15707.296611438912805 ], [ 36135.298123446853424, 15775.486952348002887 ], [ 36203.488464355941687, 15809.582122802548838 ], [ 36271.678805265029951, 15809.582122802548838 ], [ 36339.86914617412549, 15843.67729325709297 ], [ 36408.059487083213753, 15843.67729325709297 ], [ 36510.344998446853424, 15877.77246371163892 ], [ 36578.535339355941687, 15877.77246371163892 ], [ 36646.725680265029951, 15877.77246371163892 ], [ 36714.91602117412549, 15877.77246371163892 ], [ 36817.201532537757885, 15877.77246371163892 ], [ 36885.391873446853424, 15809.582122802548838 ], [ 36953.582214355941687, 15809.582122802548838 ], [ 36953.582214355941687, 15741.391781893456937 ], [ 37021.772555265029951, 15673.201440984366855 ], [ 37089.96289617412549, 15605.011100075274953 ], [ 37124.058066628669621, 15536.820759166184871 ], [ 37124.058066628669621, 15468.63041825709297 ], [ 37124.058066628669621, 15400.440077348002887 ], [ 37124.058066628669621, 15332.249736438912805 ], [ 37124.058066628669621, 15264.059395529820904 ], [ 37089.96289617412549, 15195.869054620730822 ], [ 37089.96289617412549, 15127.67871371163892 ], [ 37089.96289617412549, 15059.488372802548838 ], [ 37021.772555265029951, 14991.298031893456937 ], [ 37021.772555265029951, 14923.107690984366855 ], [ 37021.772555265029951, 14854.917350075274953 ], [ 36953.582214355941687, 14786.727009166184871 ], [ 36919.487043901397556, 14718.536668257094789 ], [ 36817.201532537757885, 14650.346327348002887 ], [ 36817.201532537757885, 14582.155986438912805 ], [ 36749.011191628669621, 14513.965645529820904 ], [ 36680.820850719581358, 14513.965645529820904 ], [ 36612.630509810485819, 14479.870475075274953 ], [ 36544.440168901397556, 14411.680134166184871 ], [ 36476.249827992302016, 14377.58496371163892 ], [ 36476.249827992302016, 14309.394622802548838 ], [ 36408.059487083213753, 14309.394622802548838 ], [ 36339.86914617412549, 14275.299452348004706 ], [ 36271.678805265029951, 14241.204281893456937 ], [ 36203.488464355941687, 14173.013940984365036 ], [ 36135.298123446853424, 14138.918770529820904 ], [ 36151.353396883947426, 13715.655249578303483 ], [ 36055.753396883948881, 13699.155249578303483 ], [ 35729.053396883944515, 13693.455249578304574 ], [ 35707.95339688394597, 13520.955249578304574 ], [ 35685.45339688394597, 13387.755249578303847 ], [ 35248.823691628669621, 13388.825020529820904 ], [ 35180.633350719581358, 13388.825020529820904 ], [ 35078.347839355941687, 13320.634679620729003 ], [ 35010.157498446853424, 13320.634679620729003 ], [ 34941.967157537757885, 13320.634679620729003 ], [ 34469.753396883948881, 13292.155249578303483 ], [ 34417.95339688394597, 13146.85524957830421 ], [ 33953.207214355941687, 13116.063656893456937 ], [ 33885.016873446853424, 13116.063656893456937 ], [ 33816.826532537757885, 13116.063656893456937 ], [ 33748.636191628669621, 13116.063656893456937 ], [ 33680.445850719581358, 13116.063656893456937 ], [ 33544.065168901397556, 13116.063656893456937 ], [ 33475.874827992302016, 13116.063656893456937 ], [ 33407.684487083213753, 13116.063656893456937 ], [ 33305.398975719581358, 13116.063656893456937 ], [ 33271.303805265029951, 13184.253997802548838 ], [ 33169.018293901397556, 13184.253997802548838 ], [ 33100.827952992302016, 13184.253997802548838 ], [ 33032.637612083213753, 13184.253997802548838 ], [ 32964.44727117412549, 13184.253997802548838 ], [ 32896.256930265029951, 13184.253997802548838 ], [ 32828.066589355941687, 13184.253997802548838 ], [ 32725.781077992302016, 13184.253997802548838 ], [ 32589.40039617412549, 13184.253997802548838 ], [ 32521.210055265029951, 13184.253997802548838 ], [ 32453.019714355941687, 13184.253997802548838 ], [ 32384.829373446853424, 13184.253997802548838 ], [ 32316.639032537757885, 13184.253997802548838 ], [ 32214.35352117412549, 13252.444338711640739 ], [ 32112.068009810485819, 13286.539509166184871 ], [ 32043.877668901397556, 13320.634679620729003 ], [ 31941.592157537757885, 13354.729850075276772 ], [ 31873.401816628669621, 13388.825020529820904 ], [ 31771.116305265029951, 13491.110531893456937 ], [ 31668.830793901397556, 13525.205702348004706 ], [ 31634.735623446853424, 13593.39604325709297 ], [ 31566.545282537757885, 13627.491213711640739 ], [ 31498.354941628669621, 13661.586384166184871 ], [ 31498.354941628669621, 13729.776725075276772 ], [ 31396.069430265029951, 13763.871895529820904 ], [ 31327.879089355941687, 13797.967065984365036 ], [ 31259.688748446853424, 13832.062236438912805 ], [ 31191.498407537757885, 13900.252577348004706 ], [ 31123.308066628669621, 13934.347747802548838 ], [ 31089.21289617412549, 14002.538088711640739 ], [ 31055.117725719581358, 14070.728429620729003 ], [ 31021.022555265029951, 14138.918770529820904 ], [ 30952.832214355941687, 14207.109111438912805 ], [ 30918.737043901397556, 14309.394622802548838 ], [ 30816.451532537757885, 14309.394622802548838 ], [ 30748.261191628669621, 14343.48979325709297 ], [ 30680.070850719581358, 14343.48979325709297 ], [ 30611.880509810485819, 14343.48979325709297 ], [ 30543.690168901397556, 14343.48979325709297 ], [ 30441.404657537757885, 14343.48979325709297 ], [ 30373.214316628669621, 14343.48979325709297 ], [ 30305.02397571957772, 14343.48979325709297 ], [ 30236.833634810485819, 14309.394622802548838 ], [ 30168.643293901397556, 14309.394622802548838 ], [ 30100.452952992305654, 14309.394622802548838 ], [ 30032.262612083213753, 14309.394622802548838 ], [ 29964.07227117412549, 14309.394622802548838 ], [ 29895.881930265033589, 14309.394622802548838 ], [ 29827.691589355941687, 14309.394622802548838 ], [ 29759.501248446853424, 14309.394622802548838 ], [ 29691.310907537757885, 14309.394622802548838 ], [ 29623.120566628669621, 14309.394622802548838 ], [ 29520.835055265033589, 14309.394622802548838 ], [ 29452.644714355941687, 14309.394622802548838 ], [ 29384.454373446853424, 14343.48979325709297 ], [ 29316.264032537757885, 14411.680134166184871 ], [ 29248.073691628669621, 14445.775304620730822 ], [ 29179.88335071957772, 14513.965645529820904 ], [ 29077.597839355941687, 14582.155986438912805 ], [ 29043.502668901397556, 14650.346327348002887 ], [ 29009.407498446853424, 14718.536668257094789 ], [ 28941.217157537757885, 14752.63183871163892 ], [ 28941.217157537757885, 14820.822179620730822 ], [ 28907.121987083213753, 14889.012520529820904 ], [ 28873.026816628669621, 14957.202861438912805 ], [ 28838.93164617412549, 15025.393202348002887 ], [ 28804.83647571957772, 15093.583543257094789 ], [ 28770.741305265033589, 15161.773884166184871 ], [ 28770.741305265033589, 15229.964225075274953 ], [ 28702.550964355941687, 15264.059395529820904 ], [ 28634.360623446853424, 15332.249736438912805 ], [ 28634.360623446853424, 15400.440077348002887 ], [ 28566.170282537757885, 15400.440077348002887 ], [ 28532.075112083213753, 15468.63041825709297 ], [ 28463.88477117412549, 15502.72558871163892 ], [ 28395.694430265033589, 15502.72558871163892 ], [ 28327.504089355941687, 15536.820759166184871 ], [ 28259.313748446853424, 15570.915929620730822 ], [ 28157.028237083213753, 15605.011100075274953 ], [ 28088.83789617412549, 15639.106270529820904 ], [ 28020.647555265033589, 15639.106270529820904 ], [ 27952.457214355941687, 15639.106270529820904 ], [ 27884.266873446853424, 15639.106270529820904 ], [ 27816.076532537757885, 15639.106270529820904 ], [ 27747.886191628669621, 15639.106270529820904 ], [ 27645.600680265033589, 15639.106270529820904 ], [ 27577.410339355941687, 15639.106270529820904 ], [ 27509.219998446853424, 15639.106270529820904 ], [ 27441.029657537757885, 15639.106270529820904 ], [ 27338.74414617412549, 15639.106270529820904 ], [ 27270.553805265033589, 15639.106270529820904 ], [ 27202.363464355941687, 15639.106270529820904 ], [ 27134.173123446853424, 15639.106270529820904 ], [ 27031.887612083213753, 15639.106270529820904 ], [ 26929.60210071957772, 15639.106270529820904 ], [ 26861.411759810485819, 15673.201440984366855 ], [ 26793.221418901397556, 15741.391781893456937 ], [ 26793.221418901397556, 15809.582122802548838 ], [ 26759.126248446853424, 15877.77246371163892 ], [ 26759.126248446853424, 15945.962804620730822 ], [ 26759.126248446853424, 16014.153145529820904 ], [ 26759.126248446853424, 16082.343486438912805 ], [ 26827.316589355941687, 16082.343486438912805 ], [ 26895.506930265033589, 16082.343486438912805 ], [ 26997.792441628669621, 16082.343486438912805 ], [ 27065.982782537757885, 16116.438656893456937 ], [ 26963.69727117412549, 16457.390361438912805 ] ] ] ] } },
{ "type": "Feature", "properties": { "fid": 8, "name": "Sedimentary Bay", "feature_type": "sedimentary_limestone", "grounded": true, "priority_rank": 3 }, "geometry": { "type": "MultiPolygon", "coordinates": [ [ [ [ -30731.058061079143954, -5322.697753906426442 ], [ -31048.569335937092546, -5476.12602095188231 ], [ -31412.961470170052053, -5493.173606179154376 ], [ -31481.151811079143954, -5424.983265270062475 ], [ -31549.342151988232217, -5390.888094815518343 ], [ -31583.437322442776349, -5322.697753906426442 ], [ -31651.627663351871888, -5322.697753906426442 ], [ -31719.818004260960151, -5322.697753906426442 ], [ -31788.008345170052053, -5322.697753906426442 ], [ -31856.198686079143954, -5322.697753906426442 ], [ -31958.484197442776349, -5288.602583451880491 ], [ -32060.76970880641602, -5288.602583451880491 ], [ -32128.960049715504283, -5186.317072088244458 ], [ -32163.055220170052053, -5118.126731179154376 ], [ -32197.150390624596184, -5049.936390270062475 ], [ -32231.245561079143954, -4981.746049360972393 ], [ -32265.340731533688086, -4913.555708451880491 ], [ -32299.435901988232217, -4845.365367542790409 ], [ -32367.626242897324119, -4811.270197088244458 ], [ -32435.81658380641602, -4777.175026633698508 ], [ -32538.102095170052053, -4743.079856179154376 ], [ -32640.387606533688086, -4743.079856179154376 ], [ -32776.768288351871888, -4743.079856179154376 ], [ -32844.958629260960151, -4743.079856179154376 ], [ -32913.148970170048415, -4743.079856179154376 ], [ -32981.339311079143954, -4743.079856179154376 ], [ -33083.624822442776349, -4777.175026633698508 ], [ -33151.815163351871888, -4777.175026633698508 ], [ -33220.005504260960151, -4777.175026633698508 ], [ -33288.195845170048415, -4777.175026633698508 ], [ -33356.386186079143954, -4777.175026633698508 ], [ -33492.766867897327757, -4777.175026633698508 ], [ -33629.147549715504283, -4777.175026633698508 ], [ -33731.433061079143954, -4777.175026633698508 ], [ -33867.813742897327757, -4777.175026633698508 ], [ -34004.194424715504283, -4708.984685724608426 ], [ -34106.479936079143954, -4708.984685724608426 ], [ -34174.670276988232217, -4674.889515270062475 ], [ -34276.955788351871888, -4674.889515270062475 ], [ -34345.146129260960151, -4640.794344815518343 ], [ -34413.336470170048415, -4640.794344815518343 ], [ -34515.621981533688086, -4606.699174360972393 ], [ -34583.812322442776349, -4606.699174360972393 ], [ -34686.09783380641602, -4572.604003906426442 ], [ -34754.288174715504283, -4572.604003906426442 ], [ -34822.478515624599822, -4538.508833451880491 ], [ -34890.668856533688086, -4504.41366299733636 ], [ -34992.954367897327757, -4436.223322088244458 ], [ -35027.049538351871888, -4368.032981179154376 ], [ -35095.239879260960151, -4333.937810724608426 ], [ -35163.430220170048415, -4231.652299360972393 ], [ -35231.620561079143954, -4163.461958451880491 ], [ -35299.810901988232217, -4095.271617542790409 ], [ -35333.906072442776349, -4027.081276633698508 ], [ -35402.096413351871888, -3958.890935724608426 ], [ -35436.19158380641602, -3890.700594815518343 ], [ -35504.381924715504283, -3856.605424360972393 ], [ -35572.572265624599822, -3822.510253906426442 ], [ -35640.762606533688086, -3822.510253906426442 ], [ -35708.952947442776349, -3822.510253906426442 ], [ -35811.23845880641602, -3822.510253906426442 ], [ -35879.428799715504283, -3822.510253906426442 ], [ -35947.619140624599822, -3822.510253906426442 ], [ -36015.809481533688086, -3890.700594815518343 ], [ -36083.999822442776349, -3890.700594815518343 ], [ -36152.190163351871888, -3924.795765270062475 ], [ -36220.380504260960151, -3924.795765270062475 ], [ -36322.666015624599822, -3924.795765270062475 ], [ -36390.856356533688086, -3924.795765270062475 ], [ -36459.046697442776349, -3924.795765270062475 ], [ -36595.427379260960151, -3856.605424360972393 ], [ -36663.617720170048415, -3822.510253906426442 ], [ -36731.808061079143954, -3822.510253906426442 ], [ -36799.998401988232217, -3754.31991299733636 ], [ -36868.188742897327757, -3686.129572088244458 ], [ -37004.569424715504283, -3617.939231179154376 ], [ -37072.759765624599822, -3549.748890270062475 ], [ -37106.854936079143954, -3481.558549360972393 ], [ -37175.045276988232217, -3413.368208451880491 ], [ -37175.045276988232217, -3345.177867542790409 ], [ -37277.330788351871888, -3276.987526633698508 ], [ -37277.330788351871888, -3208.797185724608426 ], [ -37345.521129260960151, -3208.797185724608426 ], [ -37413.711470170048415, -3140.606844815518343 ], [ -37481.901811079143954, -3106.511674360972393 ], [ -37550.092151988232217, -3106.511674360972393 ], [ -37618.282492897327757, -3106.511674360972393 ], [ -37686.47283380641602, -3072.416503906426442 ], [ -37754.663174715504283, -3072.416503906426442 ], [ -37856.948686079143954, -3072.416503906426442 ], [ -37925.139026988232217, -3072.416503906426442 ], [ -37993.329367897327757, -3072.416503906426442 ], [ -38061.51970880641602, -3072.416503906426442 ], [ -38129.710049715504283, -3072.416503906426442 ], [ -38197.900390624599822, -3072.416503906426442 ], [ -38266.090731533688086, -3106.511674360972393 ], [ -38402.471413351871888, -3140.606844815518343 ], [ -38504.756924715504283, -3174.702015270062475 ], [ -38572.947265624599822, -3208.797185724608426 ], [ -38641.137606533688086, -3276.987526633698508 ], [ -38709.327947442776349, -3276.987526633698508 ], [ -38777.518288351871888, -3311.082697088244458 ], [ -38845.708629260960151, -3345.177867542790409 ], [ -38947.994140624599822, -3413.368208451880491 ], [ -39050.279651988232217, -3413.368208451880491 ], [ -39118.469992897327757, -3481.558549360972393 ], [ -39186.66033380641602, -3515.653719815518343 ], [ -39254.850674715504283, -3515.653719815518343 ], [ -39323.041015624599822, -3515.653719815518343 ], [ -39459.421697442776349, -3549.748890270062475 ], [ -39527.612038351871888, -3549.748890270062475 ], [ -39595.802379260960151, -3549.748890270062475 ], [ -40055.0, -3355.0 ], [ -40448.181640624599822, -3004.22616299733636 ], [ -40482.276811079143954, -2936.035822088244458 ], [ -40516.371981533688086, -2867.845481179154376 ], [ -40516.371981533688086, -2799.655140270062475 ], [ -40550.467151988232217, -2697.369628906426442 ], [ -40584.562322442776349, -2629.17928799733636 ], [ -40618.657492897320481, -2526.893776633698508 ], [ -40686.84783380641602, -2458.703435724608426 ], [ -40686.84783380641602, -2390.513094815518343 ], [ -40686.84783380641602, -2288.227583451880491 ], [ -40686.84783380641602, -2220.037242542790409 ], [ -40686.84783380641602, -2151.846901633700327 ], [ -40686.84783380641602, -2049.561390270062475 ], [ -40686.84783380641602, -1981.371049360972393 ], [ -40686.84783380641602, -1913.180708451880491 ], [ -40686.84783380641602, -1844.990367542790409 ], [ -40686.84783380641602, -1742.704856179154376 ], [ -40686.84783380641602, -1640.419344815518343 ], [ -40686.84783380641602, -1538.133833451880491 ], [ -40686.84783380641602, -1469.943492542790409 ], [ -40686.84783380641602, -1401.753151633700327 ], [ -40652.752663351871888, -1333.562810724608426 ], [ -40652.752663351871888, -1231.277299360972393 ], [ -40505.0, -835.0 ], [ -40445.0, -805.0 ], [ -40355.0, -775.0 ], [ -40254.30000000000291, -185.3 ], [ -40339.099999999998545, -40.9 ], [ -40367.205610795055691, 192.196067116298195 ], [ -40209.515447442776349, 507.576393820845624 ], [ -40141.325106533688086, 575.766734729936616 ], [ -40073.134765624599822, 643.957075639027607 ], [ -40004.944424715504283, 712.147416548118599 ], [ -39936.75408380641602, 780.337757457209591 ], [ -39868.563742897320481, 814.432927911754632 ], [ -39800.373401988232217, 814.432927911754632 ], [ -39732.183061079143954, 882.623268820845624 ], [ -39663.992720170048415, 916.718439275391574 ], [ -39595.802379260960151, 950.813609729936616 ], [ -39527.612038351871888, 950.813609729936616 ], [ -39425.326526988232217, 984.908780184482566 ], [ -39357.136186079143954, 1019.003950639027607 ], [ -39323.041015624599822, 1087.194291548118599 ], [ -39254.850674715504283, 1121.28946200266364 ], [ -39186.66033380641602, 1189.479802911754632 ], [ -39152.565163351871888, 1257.670143820845624 ], [ -39118.469992897327757, 1359.955655184482566 ], [ -39050.279651988232217, 1394.050825639027607 ], [ -39016.184481533688086, 1462.241166548118599 ], [ -38947.994140624599822, 1496.33633700266364 ], [ -38913.898970170048415, 1564.526677911754632 ], [ -38879.803799715504283, 1632.717018820845624 ], [ -38777.518288351871888, 1700.907359729936616 ], [ -38777.518288351871888, 1769.097700639027607 ], [ -38709.327947442776349, 1837.288041548118599 ], [ -38709.327947442776349, 1905.478382457209591 ], [ -38641.137606533688086, 1939.573552911754632 ], [ -38641.137606533688086, 2007.763893820845624 ], [ -38572.947265624599822, 2041.859064275391574 ], [ -38504.756924715504283, 2110.049405184482566 ], [ -38436.56658380641602, 2178.239746093573558 ], [ -38368.376242897327757, 2178.239746093573558 ], [ -38334.281072442776349, 2280.525257457209591 ], [ -38231.995561079143954, 2314.620427911754632 ], [ -38129.710049715504283, 2416.905939275391574 ], [ -38061.51970880641602, 2485.096280184482566 ], [ -37993.329367897327757, 2519.191450639027607 ], [ -37925.139026988232217, 2553.286621093573558 ], [ -37822.853515624599822, 2587.381791548118599 ], [ -37754.663174715504283, 2655.572132457209591 ], [ -37686.47283380641602, 2723.762473366300583 ], [ -37584.187322442776349, 2791.952814275391574 ], [ -37481.901811079143954, 2826.047984729936616 ], [ -37413.711470170048415, 2860.143155184482566 ], [ -36990.80000000000291, 2884.1 ], [ -36774.427024147327757, 2928.333496093571739 ], [ -36527.237038351871888, 2962.428666548118599 ], [ -36459.046697442776349, 2962.428666548118599 ], [ -36322.666015624599822, 2962.428666548118599 ], [ -36254.475674715504283, 2962.428666548118599 ], [ -36186.28533380641602, 2962.428666548118599 ], [ -36118.094992897327757, 2962.428666548118599 ], [ -36049.904651988232217, 2962.428666548118599 ], [ -35981.714311079143954, 2962.428666548118599 ], [ -35913.523970170048415, 2962.428666548118599 ], [ -35845.333629260960151, 2962.428666548118599 ], [ -35777.143288351871888, 2962.428666548118599 ], [ -35640.762606533688086, 2996.52383700266364 ], [ -35538.477095170048415, 2996.52383700266364 ], [ -35436.19158380641602, 2996.52383700266364 ], [ -35333.906072442776349, 2996.52383700266364 ], [ -35231.620561079143954, 2996.52383700266364 ], [ -35163.430220170048415, 2996.52383700266364 ], [ -35095.239879260960151, 2996.52383700266364 ], [ -34992.954367897327757, 2996.52383700266364 ], [ -34924.764026988232217, 2996.52383700266364 ], [ -34856.573686079143954, 2996.52383700266364 ], [ -34788.383345170048415, 2996.52383700266364 ], [ -34686.09783380641602, 2962.428666548118599 ], [ -34617.907492897327757, 2928.333496093573558 ], [ -34549.717151988239493, 2821.78608842311678 ], [ -34473.003018465518835, 2736.548162286753268 ], [ -34409.074573863239493, 2723.762473366298764 ], [ -34311.05095880641602, 2757.857643820845624 ], [ -34242.860617897327757, 2723.762473366300583 ], [ -34174.670276988232217, 2723.762473366300583 ], [ -34106.479936079143954, 2689.667302911754632 ], [ -34004.194424715504283, 2689.667302911754632 ], [ -33970.099254260960151, 2621.47696200266364 ], [ -33901.908913351871888, 2587.381791548118599 ], [ -33833.718572442776349, 2587.381791548118599 ], [ -33765.528231533688086, 2519.191450639027607 ], [ -33697.337890624592546, 2451.001109729936616 ], [ -33697.337890624592546, 2382.810768820845624 ], [ -33629.147549715504283, 2314.620427911754632 ], [ -33595.052379260960151, 2246.43008700266364 ], [ -33560.95720880641602, 2144.144575639027607 ], [ -33526.862038351871888, 2075.954234729936616 ], [ -33458.671697442776349, 2041.859064275391574 ], [ -33458.671697442776349, 1905.478382457209591 ], [ -33458.671697442776349, 1803.192871093573558 ], [ -33424.576526988232217, 1735.002530184482566 ], [ -33424.576526988232217, 1666.812189275391574 ], [ -33390.481356533688086, 1598.621848366300583 ], [ -33322.291015624592546, 1530.431507457209591 ], [ -33322.291015624592546, 1462.241166548118599 ], [ -33220.005504260960151, 1359.955655184482566 ], [ -33220.005504260960151, 1291.765314275391574 ], [ -33117.719992897327757, 1223.574973366300583 ], [ -33117.719992897327757, 1155.384632457209591 ], [ -33083.624822442776349, 1087.194291548118599 ], [ -33015.434481533688086, 1087.194291548118599 ], [ -32981.339311079143954, 984.908780184482566 ], [ -32913.148970170048415, 950.813609729936616 ], [ -32913.148970170048415, 882.623268820845624 ], [ -32879.053799715504283, 814.432927911754632 ], [ -32776.768288351871888, 746.24258700266364 ], [ -32742.673117897324119, 678.052246093573558 ], [ -32674.482776988232217, 643.957075639027607 ], [ -32640.387606533688086, 541.671564275391574 ], [ -32572.197265624596184, 507.576393820845624 ], [ -32538.102095170052053, 439.386052911754632 ], [ -32504.006924715504283, 371.19571200266455 ], [ -32469.911754260960151, 303.005371093573558 ], [ -32401.721413351871888, 268.910200639027607 ], [ -32401.721413351871888, 200.719859729936616 ], [ -32367.626242897324119, 132.529518820845624 ], [ -32299.435901988232217, 98.434348366299673 ], [ -32265.340731533688086, -3.85116299733636 ], [ -31975.900000000001455, -316.6 ], [ -32015.0, -445.0 ], [ -32125.900000000001455, -556.6 ], [ -32209.099999999998545, -699.1 ], [ -32267.2, -727.3 ], [ -32325.007279829154868, -1030.968172940520162 ], [ -32231.245561079143954, -1231.277299360972393 ], [ -32231.245561079143954, -1367.657981179154376 ], [ -32231.245561079143954, -1435.848322088244458 ], [ -32231.245561079143954, -1504.03866299733636 ], [ -32231.245561079143954, -1572.229003906426442 ], [ -32197.150390624596184, -1640.419344815518343 ], [ -32163.055220170052053, -1708.609685724608426 ], [ -32128.960049715504283, -1776.800026633700327 ], [ -32026.674538351871888, -1844.990367542790409 ], [ -31958.484197442776349, -1913.180708451880491 ], [ -31890.293856533688086, -1981.371049360972393 ], [ -31788.008345170052053, -2049.561390270062475 ], [ -31719.818004260960151, -2083.656560724608426 ], [ -31651.627663351871888, -2151.846901633700327 ], [ -31549.342151988232217, -2220.037242542790409 ], [ -31481.151811079143954, -2288.227583451880491 ], [ -31412.961470170052053, -2322.322753906426442 ], [ -31344.771129260960151, -2322.322753906426442 ], [ -31276.580788351871888, -2390.513094815518343 ], [ -31174.295276988232217, -2458.703435724608426 ], [ -31140.200106533688086, -2526.893776633698508 ], [ -31072.009765624596184, -2595.084117542790409 ], [ -31003.819424715504283, -2595.084117542790409 ], [ -30935.62908380641602, -2595.084117542790409 ], [ -30867.438742897324119, -2663.274458451880491 ], [ -30833.343572442776349, -2731.464799360972393 ], [ -30765.153231533688086, -2765.559969815518343 ], [ -30696.962890624596184, -2799.655140270062475 ], [ -30662.867720170052053, -2867.845481179154376 ], [ -30594.677379260960151, -2901.940651633698508 ], [ -30526.487038351871888, -3004.22616299733636 ], [ -30458.296697442776349, -3140.606844815518343 ], [ -30390.106356533688086, -3208.797185724608426 ], [ -30321.916015624596184, -3276.987526633698508 ], [ -30253.725674715504283, -3276.987526633698508 ], [ -30185.53533380641602, -3345.177867542790409 ], [ -30117.344992897324119, -3379.27303799733636 ], [ -30049.154651988232217, -3447.463378906426442 ], [ -29980.964311079143954, -3447.463378906426442 ], [ -29912.773970170052053, -3515.653719815518343 ], [ -29844.583629260960151, -3515.653719815518343 ], [ -29776.393288351871888, -3549.748890270062475 ], [ -29708.202947442776349, -3583.844060724608426 ], [ -29674.107776988232217, -3652.034401633698508 ], [ -29674.107776988232217, -3720.224742542790409 ], [ -29674.107776988232217, -3856.605424360972393 ], [ -29674.107776988232217, -3958.890935724608426 ], [ -29674.107776988232217, -4027.081276633698508 ], [ -29674.107776988232217, -4095.271617542790409 ], [ -29708.202947442776349, -4163.461958451880491 ], [ -29708.202947442776349, -4231.652299360972393 ], [ -29776.393288351871888, -4265.747469815518343 ], [ -29776.393288351871888, -4333.937810724608426 ], [ -29844.583629260960151, -4368.032981179154376 ], [ -29912.773970170052053, -4402.128151633698508 ], [ -29946.869140624596184, -4470.318492542790409 ], [ -30049.154651988232217, -4504.41366299733636 ], [ -30083.249822442776349, -4572.604003906426442 ], [ -30151.440163351871888, -4606.699174360972393 ], [ -30253.725674715504283, -4674.889515270062475 ], [ -30321.916015624596184, -4708.984685724608426 ], [ -30321.916015624596184, -4777.175026633698508 ], [ -30390.106356533688086, -4811.270197088244458 ], [ -30458.296697442776349, -4879.46053799733636 ], [ -30492.391867897324119, -4947.650878906426442 ], [ -30594.677379260960151, -5084.031560724608426 ], [ -30628.772549715504283, -5152.221901633698508 ], [ -30662.867720170052053, -5220.412242542790409 ], [ -30731.058061079143954, -5322.697753906426442 ] ] ] ] } },
{ "type": "Feature", "properties": { "fid": 9, "name": "Forest Marble", "feature_type": "marble", "grounded": true, "priority_rank": 1 }, "geometry": { "type": "MultiPolygon", "coordinates": [ [ [ [ -23710.249816894047399, 41457.674097234346846 ], [ -24051.201521439503267, 41406.531341552530648 ], [ -24085.296691894047399, 41406.531341552530648 ], [ -24119.39186234859153, 41406.531341552530648 ], [ -24136.439447575863596, 41440.62651200707478 ], [ -24170.534618030411366, 41474.721682461618911 ], [ -24204.629788484955498, 41474.721682461618911 ], [ -24204.629788484955498, 41508.816852916163043 ], [ -24238.724958939503267, 41542.912023370707175 ], [ -24272.820129394047399, 41542.912023370707175 ], [ -24306.91529984859153, 41542.912023370707175 ], [ -24341.010470303135662, 41542.912023370707175 ], [ -24375.105640757683432, 41525.864438143435109 ], [ -24409.200811212231201, 41508.816852916163043 ], [ -24443.295981666775333, 41491.769267688890977 ], [ -24477.391152121319465, 41474.721682461618911 ], [ -24511.486322575863596, 41474.721682461618911 ], [ -24545.581493030411366, 41440.62651200707478 ], [ -24562.629078257683432, 41406.531341552530648 ], [ -24596.724248712231201, 41355.388585870707175 ], [ -24630.819419166775333, 41304.245830188890977 ], [ -24647.867004394047399, 41270.150659734346846 ], [ -24681.96217484859153, 41236.055489279802714 ], [ -24681.96217484859153, 41201.960318825258582 ], [ -24681.96217484859153, 41167.865148370707175 ], [ -24681.96217484859153, 41133.769977916163043 ], [ -24681.96217484859153, 41099.674807461618911 ], [ -24681.96217484859153, 41065.57963700707478 ], [ -24699.009760075863596, 41031.484466552530648 ], [ -24733.104930530411366, 40997.389296097979241 ], [ -24733.104930530411366, 40963.294125643435109 ], [ -24733.104930530411366, 40929.198955188890977 ], [ -24750.152515757683432, 40895.103784734346846 ], [ -24750.152515757683432, 40861.008614279802714 ], [ -24750.152515757683432, 40826.913443825258582 ], [ -24750.152515757683432, 40792.818273370707175 ], [ -24784.247686212231201, 40758.723102916163043 ], [ -24784.247686212231201, 40724.627932461618911 ], [ -24784.247686212231201, 40690.53276200707478 ], [ -24801.295271439503267, 40656.437591552530648 ], [ -24818.342856666775333, 40622.342421097979241 ], [ -24818.342856666775333, 40588.247250643435109 ], [ -24818.342856666775333, 40554.152080188890977 ], [ -24835.390441894047399, 40520.056909734346846 ], [ -24852.438027121319465, 40485.961739279802714 ], [ -24886.533197575863596, 40451.866568825258582 ], [ -24886.533197575863596, 40417.771398370707175 ], [ -24920.628368030411366, 40383.676227916163043 ], [ -24954.723538484955498, 40349.581057461618911 ], [ -24954.723538484955498, 40298.438301779802714 ], [ -25004.401267311310221, 40108.98369251575059 ], [ -25056.476312810238596, 40092.801804975802952 ], [ -25065.666026721817616, 40092.202475807658629 ], [ -25068.662672562546504, 40090.404488303218386 ], [ -25072.991160999157728, 40087.407842462489498 ], [ -25074.589372114212892, 40084.877341530314879 ], [ -25227.484902121319465, 39923.391426779802714 ], [ -25295.675243030411366, 39889.296256325258582 ], [ -25329.770413484955498, 39872.248671097979241 ], [ -25537.938914905851561, 39766.394596169200668 ], [ -25556.838914905853017, 39708.294596169194847 ], [ -25773.007629394047399, 39633.582477916163043 ], [ -25807.10279984859153, 39616.534892688890977 ], [ -25841.197970303135662, 39599.487307461618911 ], [ -25858.245555530411366, 39565.39213700707478 ], [ -25909.388311212227563, 39548.344551779802714 ], [ -25943.483481666775333, 39531.296966552530648 ], [ -25977.578652121319465, 39497.201796097979241 ], [ -26011.673822575863596, 39497.201796097979241 ], [ -26062.816578257683432, 39480.154210870707175 ], [ -26079.864163484955498, 39446.059040416163043 ], [ -26131.006919166775333, 39429.011455188890977 ], [ -26165.102089621319465, 39429.011455188890977 ], [ -26182.14967484859153, 39377.86869950707478 ], [ -26216.244845303135662, 39360.821114279802714 ], [ -26250.340015757683432, 39343.773529052530648 ], [ -26284.435186212227563, 39326.725943825258582 ], [ -26335.577941894047399, 39309.678358597979241 ], [ -26403.768282803135662, 39275.583188143435109 ], [ -26454.911038484955498, 39241.488017688890977 ], [ -26489.006208939503267, 39224.440432461618911 ], [ -26523.101379394047399, 39190.34526200707478 ], [ -26523.101379394047399, 39156.250091552530648 ], [ -26557.19654984859153, 39139.202506325258582 ], [ -26564.654868385525333, 38990.03613558660436 ], [ -26554.000127618477563, 38930.369587291148491 ], [ -26617.928572220749629, 38883.488727916148491 ], [ -26727.672402121319465, 38849.393557461618911 ], [ -26727.672402121319465, 38815.29838700707478 ], [ -26761.767572575863596, 38798.250801779802714 ], [ -26795.862743030411366, 38764.155631325258582 ], [ -26812.910328257683432, 38730.060460870707175 ], [ -26847.005498712227563, 38713.012875643435109 ], [ -26864.053083939503267, 38678.917705188890977 ], [ -26898.148254394047399, 38661.870119961618911 ], [ -26932.24342484859153, 38644.822534734346846 ], [ -26966.338595303135662, 38610.727364279802714 ], [ -27000.433765757683432, 38593.679779052530648 ], [ -27034.528936212227563, 38559.584608597979241 ], [ -27068.624106666775333, 38542.537023370707175 ], [ -27102.719277121319465, 38542.537023370707175 ], [ -27136.814447575863596, 38525.489438143435109 ], [ -27153.862032803135662, 38491.394267688890977 ], [ -27187.957203257683432, 38491.394267688890977 ], [ -27239.099958939503267, 38474.346682461618911 ], [ -27273.195129394047399, 38474.346682461618911 ], [ -27324.337885075863596, 38474.346682461618911 ], [ -27358.433055530411366, 38440.25151200707478 ], [ -27409.575811212227563, 38440.25151200707478 ], [ -27443.670981666775333, 38423.203926779802714 ], [ -27477.766152121319465, 38423.203926779802714 ], [ -27511.861322575863596, 38406.156341552530648 ], [ -27545.956493030411366, 38406.156341552530648 ], [ -27580.051663484955498, 38406.156341552530648 ], [ -27631.194419166775333, 38372.061171097979241 ], [ -27665.289589621319465, 38355.013585870707175 ], [ -27699.384760075863596, 38355.013585870707175 ], [ -27733.479930530411366, 38355.013585870707175 ], [ -27767.575100984955498, 38337.966000643435109 ], [ -27818.717856666775333, 38337.966000643435109 ], [ -27852.813027121319465, 38337.966000643435109 ], [ -27886.908197575863596, 38320.918415416163043 ], [ -27921.003368030411366, 38320.918415416163043 ], [ -27972.146123712227563, 38303.870830188890977 ], [ -28023.288879394047399, 38303.870830188890977 ], [ -28057.38404984859153, 38269.775659734346846 ], [ -28091.479220303135662, 38269.775659734346846 ], [ -28125.574390757683432, 38269.775659734346846 ], [ -28159.669561212227563, 38252.72807450707478 ], [ -28210.812316894047399, 38235.680489279802714 ], [ -28244.90748734859153, 38235.680489279802714 ], [ -28279.002657803135662, 38218.632904052530648 ], [ -28313.097828257683432, 38201.585318825258582 ], [ -28347.192998712227563, 38184.537733597979241 ], [ -28381.288169166775333, 38167.490148370707175 ], [ -28415.383339621319465, 38150.442563143435109 ], [ -28449.478510075863596, 38150.442563143435109 ], [ -28483.573680530411366, 38116.347392688890977 ], [ -28517.668850984955498, 38116.347392688890977 ], [ -28551.764021439503267, 38082.252222234346846 ], [ -28585.859191894047399, 38048.157051779802714 ], [ -28619.95436234859153, 38014.061881325258582 ], [ -28637.001947575863596, 37979.966710870707175 ], [ -28671.097118030411366, 37962.919125643435109 ], [ -28671.097118030411366, 37928.823955188890977 ], [ -28705.192288484955498, 37911.776369961618911 ], [ -28722.239873712227563, 37877.68119950707478 ], [ -28756.335044166775333, 37860.633614279802714 ], [ -28773.382629394047399, 37826.538443825258582 ], [ -28790.430214621319465, 37792.443273370707175 ], [ -28790.430214621319465, 37758.348102916163043 ], [ -28824.525385075863596, 37724.252932461618911 ], [ -28841.572970303135662, 37673.110176779802714 ], [ -28858.620555530411366, 37639.015006325258582 ], [ -28875.668140757683432, 37604.919835870707175 ], [ -28892.715725984955498, 37570.824665416163043 ], [ -28909.763311212227563, 37519.681909734346846 ], [ -28909.763311212227563, 37485.586739279802714 ], [ -28926.810896439503267, 37451.491568825258582 ], [ -28960.906066894047399, 37451.491568825258582 ], [ -28977.953652121319465, 37417.396398370707175 ], [ -28977.953652121319465, 37383.301227916163043 ], [ -28995.00123734859153, 37332.158472234346846 ], [ -29029.096407803135662, 37315.11088700707478 ], [ -29046.143993030411366, 37281.015716552523372 ], [ -29046.143993030411366, 37246.920546097979241 ], [ -29097.286748712227563, 37212.825375643435109 ], [ -29097.286748712227563, 37178.730205188890977 ], [ -29131.381919166775333, 37161.682619961618911 ], [ -29165.477089621319465, 37127.58744950707478 ], [ -29199.572260075863596, 37093.492279052523372 ], [ -29233.667430530411366, 37076.444693825258582 ], [ -29267.762600984955498, 37042.349523370707175 ], [ -29301.857771439503267, 37025.301938143435109 ], [ -29335.952941894047399, 37008.254352916163043 ], [ -29370.04811234859153, 36974.159182461618911 ], [ -29404.1432828031393, 36957.111597234346846 ], [ -29455.286038484955498, 36957.111597234346846 ], [ -29489.381208939503267, 36957.111597234346846 ], [ -29540.523964621319465, 36974.159182461618911 ], [ -29591.6667203031393, 36974.159182461618911 ], [ -29625.761890757683432, 36974.159182461618911 ], [ -29659.857061212227563, 36974.159182461618911 ], [ -29693.952231666775333, 36974.159182461618911 ], [ -29745.09498734859153, 36974.159182461618911 ], [ -29796.237743030411366, 36991.206767688890977 ], [ -29830.332913484955498, 36991.206767688890977 ], [ -29864.428083939503267, 37008.254352916163043 ], [ -29864.428083939503267, 37042.349523370707175 ], [ -29881.475669166775333, 37076.444693825258582 ], [ -29915.570839621319465, 37093.492279052523372 ], [ -29932.61842484859153, 37127.58744950707478 ], [ -29966.7135953031393, 37161.682619961618911 ], [ -29966.7135953031393, 37195.777790416163043 ], [ -30184.438914905851561, 37235.194596169196302 ], [ -30244.402776544262451, 37280.682755903530051 ], [ -30236.938914905851561, 37386.094596169197757 ], [ -30051.951521439503267, 37485.586739279802714 ], [ -30051.951521439503267, 37519.681909734346846 ], [ -30051.951521439503267, 37553.777080188890977 ], [ -30051.951521439503267, 37587.872250643435109 ], [ -30034.903936212227563, 37621.967421097979241 ], [ -30034.903936212227563, 37656.062591552530648 ], [ -30000.808765757683432, 37690.15776200707478 ], [ -29983.761180530411366, 37741.300517688890977 ], [ -29983.761180530411366, 37792.443273370707175 ], [ -29983.761180530411366, 37826.538443825258582 ], [ -29949.666010075863596, 37860.633614279802714 ], [ -29932.61842484859153, 37894.728784734346846 ], [ -29932.61842484859153, 37928.823955188890977 ], [ -29932.61842484859153, 37962.919125643435109 ], [ -29932.61842484859153, 37997.014296097979241 ], [ -29898.523254394047399, 38031.109466552530648 ], [ -29881.475669166775333, 38065.20463700707478 ], [ -29864.428083939503267, 38099.299807461618911 ], [ -29864.428083939503267, 38133.394977916163043 ], [ -29830.332913484955498, 38133.394977916163043 ], [ -29830.332913484955498, 38167.490148370707175 ], [ -29813.285328257683432, 38201.585318825258582 ], [ -29779.1901578031393, 38235.680489279802714 ], [ -29779.1901578031393, 38269.775659734346846 ], [ -29762.142572575863596, 38303.870830188890977 ], [ -29728.047402121319465, 38355.013585870707175 ], [ -29728.047402121319465, 38389.108756325258582 ], [ -29710.999816894047399, 38423.203926779802714 ], [ -29710.999816894047399, 38457.299097234346846 ], [ -29710.999816894047399, 38491.394267688890977 ], [ -29676.904646439503267, 38525.489438143435109 ], [ -29676.904646439503267, 38576.632193825258582 ], [ -29676.904646439503267, 38610.727364279802714 ], [ -29676.904646439503267, 38644.822534734346846 ], [ -29659.857061212227563, 38678.917705188890977 ], [ -29659.857061212227563, 38713.012875643435109 ], [ -29659.857061212227563, 38747.108046097979241 ], [ -29625.761890757683432, 38764.155631325258582 ], [ -29625.761890757683432, 38798.250801779802714 ], [ -29591.6667203031393, 38815.29838700707478 ], [ -29557.57154984859153, 38883.488727916163043 ], [ -29540.523964621319465, 38951.679068825258582 ], [ -29523.476379394047399, 39002.82182450707478 ], [ -29506.428794166775333, 39036.916994961618911 ], [ -29489.381208939503267, 39071.012165416163043 ], [ -29455.286038484955498, 39122.154921097979241 ], [ -29438.238453257683432, 39156.250091552530648 ], [ -29404.1432828031393, 39190.34526200707478 ], [ -29387.095697575863596, 39224.440432461618911 ], [ -29353.000527121319465, 39258.535602916163043 ], [ -29353.000527121319465, 39292.630773370707175 ], [ -29318.905356666775333, 39309.678358597979241 ], [ -29301.857771439503267, 39360.821114279802714 ], [ -29267.762600984955498, 39394.916284734346846 ], [ -29250.715015757683432, 39429.011455188890977 ], [ -29216.6198453031393, 39480.154210870707175 ], [ -29182.52467484859153, 39514.249381325258582 ], [ -29114.334333939503267, 39565.39213700707478 ], [ -29080.239163484955498, 39599.487307461618911 ], [ -29046.143993030411366, 39633.582477916163043 ], [ -29012.048822575863596, 39667.677648370707175 ], [ -28977.953652121319465, 39701.772818825258582 ], [ -28943.858481666775333, 39718.820404052530648 ], [ -28909.763311212227563, 39769.963159734346846 ], [ -28875.668140757683432, 39769.963159734346846 ], [ -28841.572970303135662, 39804.058330188890977 ], [ -28790.430214621319465, 39821.105915416163043 ], [ -28739.287458939503267, 39838.153500643435109 ], [ -28705.192288484955498, 39838.153500643435109 ], [ -28671.097118030411366, 39838.153500643435109 ], [ -28637.001947575863596, 39855.201085870707175 ], [ -28568.811606666775333, 39889.296256325258582 ], [ -28517.668850984955498, 39906.343841552530648 ], [ -28466.526095303135662, 39906.343841552530648 ], [ -28415.383339621319465, 39906.343841552530648 ], [ -28364.240583939503267, 39906.343841552530648 ], [ -28313.097828257683432, 39940.43901200707478 ], [ -28279.002657803135662, 39940.43901200707478 ], [ -28244.90748734859153, 39940.43901200707478 ], [ -28210.812316894047399, 39940.43901200707478 ], [ -28159.669561212227563, 39940.43901200707478 ], [ -28108.526805530411366, 39940.43901200707478 ], [ -28074.431635075863596, 39940.43901200707478 ], [ -28040.336464621319465, 39940.43901200707478 ], [ -28006.241294166775333, 39940.43901200707478 ], [ -27955.098538484955498, 39940.43901200707478 ], [ -27903.955782803135662, 39940.43901200707478 ], [ -27869.86061234859153, 39957.486597234346846 ], [ -27818.717856666775333, 39957.486597234346846 ], [ -27750.527515757683432, 39974.534182461618911 ], [ -27682.33717484859153, 39991.581767688890977 ], [ -27631.194419166775333, 39991.581767688890977 ], [ -27597.099248712227563, 40008.629352916163043 ], [ -27465.646384498802945, 40108.45095547739038 ], [ -27333.527598987438978, 40210.736466841030051 ], [ -27187.957203257683432, 40247.295546097979241 ], [ -27136.814447575863596, 40281.390716552530648 ], [ -27119.76686234859153, 40315.48588700707478 ], [ -27085.671691894047399, 40332.533472234346846 ], [ -27068.624106666775333, 40366.628642688890977 ], [ -27017.481350984955498, 40383.676227916163043 ], [ -27000.433765757683432, 40417.771398370707175 ], [ -26966.338595303135662, 40451.866568825258582 ], [ -26932.24342484859153, 40468.914154052530648 ], [ -26932.24342484859153, 40503.00932450707478 ], [ -26898.148254394047399, 40537.104494961618911 ], [ -26864.053083939503267, 40537.104494961618911 ], [ -26829.957913484955498, 40554.152080188890977 ], [ -26795.862743030411366, 40588.247250643435109 ], [ -26761.767572575863596, 40588.247250643435109 ], [ -26727.672402121319465, 40622.342421097979241 ], [ -26676.529646439503267, 40639.390006325258582 ], [ -26642.434475984955498, 40656.437591552530648 ], [ -26625.386890757683432, 40690.53276200707478 ], [ -26591.291720303135662, 40724.627932461618911 ], [ -26540.148964621319465, 40741.675517688890977 ], [ -26506.053794166775333, 40758.723102916163043 ], [ -26454.911038484955498, 40792.818273370707175 ], [ -26323.857727050297399, 40826.913443825236754 ], [ -26216.238914905850834, 40904.494596169199212 ], [ -26195.838914905853017, 40992.694596169196302 ], [ -26216.938914905851561, 41196.094596169197757 ], [ -26193.86988969234153, 41350.061215487177833 ], [ -26097.977222788933432, 41398.007548938883701 ], [ -26011.673822575863596, 41406.531341552530648 ], [ -26011.673822575863596, 41440.62651200707478 ], [ -26011.673822575863596, 41474.721682461618911 ], [ -26011.673822575863596, 41508.816852916163043 ], [ -26011.673822575863596, 41542.912023370707175 ], [ -26011.673822575863596, 41577.007193825258582 ], [ -26011.673822575863596, 41611.102364279802714 ], [ -26011.673822575863596, 41645.197534734346846 ], [ -25994.62623734859153, 41679.292705188890977 ], [ -25994.62623734859153, 41713.387875643435109 ], [ -25977.578652121319465, 41747.483046097979241 ], [ -25977.578652121319465, 41781.578216552530648 ], [ -25943.483481666775333, 41815.67338700707478 ], [ -25909.388311212227563, 41832.720972234346846 ], [ -25909.388311212227563, 41866.816142688890977 ], [ -25875.293140757683432, 41883.863727916163043 ], [ -25841.197970303135662, 41900.911313143435109 ], [ -25807.10279984859153, 41935.006483597979241 ], [ -25755.960044166775333, 41952.054068825258582 ], [ -25738.912458939503267, 41986.149239279802714 ], [ -25704.817288484955498, 42020.244409734346846 ], [ -25670.722118030411366, 42037.291994961618911 ], [ -25653.674532803135662, 42071.387165416163043 ], [ -25619.57936234859153, 42088.434750643435109 ], [ -25585.484191894047399, 42105.482335870707175 ], [ -25568.436606666775333, 42156.625091552530648 ], [ -25534.341436212227563, 42173.672676779802714 ], [ -25500.246265757683432, 42207.767847234346846 ], [ -25466.1510953031393, 42241.863017688890977 ], [ -25432.05592484859153, 42275.958188143435109 ], [ -25380.913169166775333, 42293.005773370707175 ], [ -25363.865583939503267, 42327.100943825258582 ], [ -25329.770413484955498, 42361.196114279802714 ], [ -25295.675243030411366, 42378.24369950707478 ], [ -25244.53248734859153, 42412.338869961618911 ], [ -25210.437316894047399, 42429.386455188890977 ], [ -25176.342146439503267, 42446.434040416163043 ], [ -25142.246975984955498, 42463.481625643435109 ], [ -25091.104220303135662, 42497.576796097979241 ], [ -25039.961464621319465, 42497.576796097979241 ], [ -24988.818708939503267, 42514.624381325258582 ], [ -24954.723538484955498, 42531.671966552530648 ], [ -24920.628368030411366, 42531.671966552530648 ], [ -24886.533197575863596, 42531.671966552530648 ], [ -24852.438027121319465, 42531.671966552530648 ], [ -24801.295271439503267, 42531.671966552530648 ], [ -24750.152515757683432, 42531.671966552530648 ], [ -24699.009760075863596, 42531.671966552530648 ], [ -24647.867004394047399, 42531.671966552530648 ], [ -24613.771833939503267, 42531.671966552530648 ], [ -24579.676663484955498, 42531.671966552530648 ], [ -24545.581493030411366, 42531.671966552530648 ], [ -24511.486322575863596, 42531.671966552530648 ], [ -24477.391152121319465, 42531.671966552530648 ], [ -24443.295981666775333, 42531.671966552530648 ], [ -24409.200811212231201, 42531.671966552530648 ], [ -24375.105640757683432, 42514.624381325258582 ], [ -24323.962885075863596, 42514.624381325258582 ], [ -24272.820129394047399, 42497.576796097979241 ], [ -24238.724958939503267, 42497.576796097979241 ], [ -24204.629788484955498, 42497.576796097979241 ], [ -24170.534618030411366, 42497.576796097979241 ], [ -24119.39186234859153, 42480.529210870707175 ], [ -24085.296691894047399, 42480.529210870707175 ], [ -24068.249106666775333, 42446.434040416163043 ], [ -24034.153936212231201, 42446.434040416163043 ], [ -24000.058765757683432, 42446.434040416163043 ], [ -23965.963595303135662, 42429.386455188890977 ], [ -23931.86842484859153, 42429.386455188890977 ], [ -23897.773254394047399, 42395.291284734346846 ], [ -23863.678083939503267, 42378.24369950707478 ], [ -23829.582913484955498, 42361.196114279802714 ], [ -23778.440157803135662, 42361.196114279802714 ], [ -23744.34498734859153, 42344.148529052530648 ], [ -23710.249816894047399, 42327.100943825258582 ], [ -23659.107061212231201, 42327.100943825258582 ], [ -23625.011890757683432, 42293.005773370707175 ], [ -23590.916720303135662, 42258.910602916163043 ], [ -23556.82154984859153, 42241.863017688890977 ], [ -23522.726379394047399, 42224.815432461618911 ], [ -23505.678794166775333, 42190.72026200707478 ], [ -23488.631208939503267, 42156.625091552530648 ], [ -23488.631208939503267, 42122.529921097979241 ], [ -23488.631208939503267, 42088.434750643435109 ], [ -23488.631208939503267, 42054.339580188890977 ], [ -23488.631208939503267, 42020.244409734346846 ], [ -23488.631208939503267, 41986.149239279802714 ], [ -23488.631208939503267, 41952.054068825258582 ], [ -23488.631208939503267, 41917.958898370707175 ], [ -23488.631208939503267, 41883.863727916163043 ], [ -23488.631208939503267, 41849.768557461618911 ], [ -23522.726379394047399, 41815.67338700707478 ], [ -23539.773964621319465, 41747.483046097979241 ], [ -23539.773964621319465, 41713.387875643435109 ], [ -23573.869135075863596, 41696.340290416163043 ], [ -23590.916720303135662, 41662.245119961618911 ], [ -23590.916720303135662, 41628.14994950707478 ], [ -23625.011890757683432, 41594.054779052530648 ], [ -23642.059475984955498, 41542.912023370707175 ], [ -23659.107061212231201, 41508.816852916163043 ], [ -23693.202231666775333, 41491.769267688890977 ], [ -23710.249816894047399, 41457.674097234346846 ] ] ] ] } },
{ "type": "Feature", "properties": { "fid": 10, "name": "Marble Wall", "feature_type": "marble", "grounded": true, "priority_rank": 1 }, "geometry": { "type": "MultiPolygon", "coordinates": [ [ [ [ -25039.428727582991996, 11908.881527987179652 ], [ -24528.001170764808194, 11499.739482532633701 ], [ -24528.001170764808194, 11431.549141623545438 ], [ -24596.191511673900095, 11363.358800714453537 ], [ -24664.381852582991996, 11329.263630259905767 ], [ -24766.667363946628029, 11329.263630259905767 ], [ -24834.85770485571993, 11329.263630259905767 ], [ -24903.048045764808194, 11329.263630259905767 ], [ -24971.238386673900095, 11329.263630259905767 ], [ -25073.523898037536128, 11329.263630259905767 ], [ -25209.90457985571993, 11329.263630259905767 ], [ -25278.094920764808194, 11363.358800714453537 ], [ -25346.285261673900095, 11363.358800714453537 ], [ -25414.475602582991996, 11363.358800714453537 ], [ -25482.665943492083898, 11363.358800714453537 ], [ -25550.856284401172161, 11397.453971168997668 ], [ -25619.046625310264062, 11397.453971168997668 ], [ -25653.141795764808194, 11465.64431207808957 ], [ -25687.236966219355963, 11533.834652987181471 ], [ -25687.236966219355963, 11602.024993896269734 ], [ -25755.427307128444227, 11636.120164350817504 ], [ -25789.522477582991996, 11704.310505259905767 ], [ -25823.617648037536128, 11772.500846168997668 ], [ -25891.807988946628029, 11806.596016623545438 ], [ -25925.903159401172161, 11874.786357532633701 ], [ -25994.093500310264062, 11908.881527987181471 ], [ -26028.188670764808194, 11977.071868896269734 ], [ -26062.283841219355963, 12045.262209805361636 ], [ -26096.379011673900095, 12113.452550714453537 ], [ -26130.474182128444227, 12181.642891623545438 ], [ -26164.569352582991996, 12249.833232532633701 ], [ -26198.664523037536128, 12318.023573441725603 ], [ -26266.854863946628029, 12386.213914350817504 ], [ -26335.04520485571993, 12488.499425714453537 ], [ -26369.140375310264062, 12556.689766623545438 ], [ -26437.330716219352325, 12590.78493707808957 ], [ -26437.330716219352325, 12658.975277987181471 ], [ -26471.425886673900095, 12727.165618896269734 ], [ -26539.616227582991996, 12761.260789350817504 ], [ -26573.711398037536128, 12829.451130259905767 ], [ -26607.80656849208026, 12897.641471168997668 ], [ -26641.901738946628029, 12999.926982532633701 ], [ -26710.09207985571993, 13102.212493896269734 ], [ -26744.187250310264062, 13170.402834805361636 ], [ -26812.377591219352325, 13238.593175714453537 ], [ -26880.567932128447865, 13272.688346168997668 ], [ -26914.663102582991996, 13340.87868707808957 ], [ -26982.85344349208026, 13409.069027987181471 ], [ -27085.13895485571993, 13511.354539350817504 ], [ -27153.329295764808194, 13545.449709805361636 ], [ -27187.424466219352325, 13613.640050714453537 ], [ -27289.709977582991996, 13681.830391623545438 ], [ -27323.805148037536128, 13750.020732532633701 ], [ -27391.995488946628029, 13818.211073441725603 ], [ -27426.090659401172161, 13886.401414350817504 ], [ -27494.281000310264062, 13954.591755259905767 ], [ -27528.376170764808194, 14022.782096168997668 ], [ -27528.376170764808194, 14090.97243707808957 ], [ -27596.566511673900095, 14125.067607532633701 ], [ -27596.566511673900095, 14193.257948441725603 ], [ -27630.661682128447865, 14261.448289350815685 ], [ -27698.852023037536128, 14363.733800714453537 ], [ -27767.042363946628029, 14431.924141623543619 ], [ -27801.137534401172161, 14500.11448253263552 ], [ -27801.137534401172161, 14568.304823441725603 ], [ -27869.327875310264062, 14636.495164350815685 ], [ -27903.423045764808194, 14704.685505259907586 ], [ -27937.518216219352325, 14772.875846168997668 ], [ -27937.518216219352325, 14841.06618707808957 ], [ -27937.518216219352325, 14909.256527987179652 ], [ -27971.613386673900095, 14977.446868896271553 ], [ -28005.708557128447865, 15045.637209805361636 ], [ -28005.708557128447865, 15182.017891623543619 ], [ -28005.708557128447865, 15250.208232532633701 ], [ -28005.708557128447865, 15318.398573441725603 ], [ -28005.708557128447865, 15386.588914350815685 ], [ -28039.803727582991996, 15454.779255259907586 ], [ -28039.803727582991996, 15522.969596168997668 ], [ -28039.803727582991996, 15591.15993707808957 ], [ -28105.863120338672161, 15997.638297340876306 ], [ -28262.132118918685592, 16367.655942049852456 ], [ -28443.032118918687047, 16540.155942049852456 ], [ -28493.732118918684137, 16646.755942049851001 ], [ -28156.232118918684137, 16983.555942049853911 ], [ -28448.945773037536128, 17364.108800714453537 ], [ -28483.04094349208026, 17432.299141623545438 ], [ -28517.136113946628029, 17500.489482532633701 ], [ -28585.32645485571993, 17534.584652987177833 ], [ -28585.32645485571993, 17602.774993896273372 ], [ -28619.421625310264062, 17670.965334805361636 ], [ -28653.516795764808194, 17773.250846168997668 ], [ -28721.707136673900095, 17773.250846168997668 ], [ -28755.802307128447865, 17875.536357532633701 ], [ -28789.897477582991996, 17943.726698441725603 ], [ -28823.992648037536128, 18011.917039350817504 ], [ -28892.182988946628029, 18046.012209805361636 ], [ -28892.182988946628029, 18114.202550714453537 ], [ -28926.278159401172161, 18182.392891623545438 ], [ -28994.468500310264062, 18182.392891623545438 ], [ -29028.563670764808194, 18250.583232532633701 ], [ -29062.658841219352325, 18352.868743896273372 ], [ -29130.849182128447865, 18386.963914350817504 ], [ -29164.944352582991996, 18455.154255259905767 ], [ -29199.039523037536128, 18523.344596168997668 ], [ -29233.13469349208026, 18591.53493707808957 ], [ -29301.325034401172161, 18625.630107532633701 ], [ -29335.42020485571993, 18727.915618896273372 ], [ -29437.705716219352325, 18796.105959805361636 ], [ -29437.705716219352325, 18864.296300714453537 ], [ -29505.896057128447865, 18932.486641623545438 ], [ -29574.086398037536128, 19000.676982532633701 ], [ -29574.086398037536128, 19068.867323441725603 ], [ -29676.371909401172161, 19137.057664350817504 ], [ -29710.46707985571993, 19205.248005259905767 ], [ -29744.562250310264062, 19273.438346168997668 ], [ -29812.752591219352325, 19273.438346168997668 ], [ -29846.847761673900095, 19341.62868707808957 ], [ -29846.847761673900095, 19409.819027987177833 ], [ -29915.038102582991996, 19443.914198441725603 ], [ -29915.038102582991996, 19512.104539350817504 ], [ -29983.22844349208026, 19546.199709805361636 ], [ -30051.418784401172161, 19580.294880259905767 ], [ -30119.609125310264062, 19648.485221168997668 ], [ -30187.799466219352325, 19682.580391623545438 ], [ -30255.989807128447865, 19750.770732532633701 ], [ -30290.084977582991996, 19818.961073441725603 ], [ -30358.27531849208026, 19818.961073441725603 ], [ -30392.370488946628029, 19887.151414350817504 ], [ -30460.56082985571993, 19955.341755259905767 ], [ -30528.751170764808194, 19989.436925714449899 ], [ -30528.751170764808194, 20057.627266623545438 ], [ -30596.941511673900095, 20125.817607532633701 ], [ -30665.131852582991996, 20194.007948441725603 ], [ -30918.714682838672161, 20295.760722767019615 ], [ -31074.273898037536128, 20547.212604869291681 ], [ -31244.749750310264062, 20773.625846168997668 ], [ -31347.035261673900095, 20841.81618707808957 ], [ -31415.225602582991996, 20875.911357532633701 ], [ -31483.41594349208026, 20944.101698441725603 ], [ -31551.606284401172161, 20978.196868896273372 ], [ -31619.796625310264062, 21046.387209805361636 ], [ -31687.986966219352325, 21114.577550714449899 ], [ -31756.177307128447865, 21148.672721168997668 ], [ -31824.367648037536128, 21182.767891623545438 ], [ -31892.557988946628029, 21216.86306207808957 ], [ -31926.653159401172161, 21285.053402987177833 ], [ -31994.843500310264062, 21319.148573441725603 ], [ -32402.132118918685592, 21437.655942049852456 ], [ -32410.332118918686319, 21532.355942049853184 ], [ -32457.932118918684864, 21586.755942049851001 ], [ -32484.432118918684864, 21674.855942049853184 ], [ -32543.932118918684864, 21792.955942049851728 ], [ -33017.698613946631667, 21762.385789350817504 ], [ -33085.88895485571993, 21796.480959805361636 ], [ -33154.079295764808194, 21830.576130259905767 ], [ -33222.269636673896457, 21864.671300714449899 ], [ -33290.459977582991996, 21864.671300714449899 ], [ -33358.65031849208026, 21898.766471168997668 ], [ -33426.840659401175799, 21966.95681207808957 ], [ -33460.93582985571993, 22035.147152987177833 ], [ -33529.126170764808194, 22069.242323441725603 ], [ -33563.221341219352325, 22137.432664350817504 ], [ -33597.316511673896457, 22205.623005259905767 ], [ -33665.506852582991996, 22273.813346168997668 ], [ -33699.602023037536128, 22342.00368707808957 ], [ -33733.69719349208026, 22410.194027987177833 ], [ -33801.887534401175799, 22444.289198441725603 ], [ -33801.887534401175799, 22512.479539350817504 ], [ -33870.077875310264062, 22580.669880259905767 ], [ -33938.268216219352325, 22614.765050714453537 ], [ -33938.268216219352325, 22682.955391623545438 ], [ -34006.458557128447865, 22682.955391623545438 ], [ -34040.553727582991996, 22751.145732532633701 ], [ -34108.74406849208026, 22819.336073441725603 ], [ -34176.934409401175799, 22819.336073441725603 ], [ -34211.02957985571993, 22887.526414350817504 ], [ -34245.124750310264062, 22955.716755259905767 ], [ -34347.410261673896457, 22989.811925714453537 ], [ -34347.410261673896457, 23058.002266623545438 ], [ -34415.600602582991996, 23092.09743707808957 ], [ -34483.79094349208026, 23126.192607532633701 ], [ -34517.886113946624391, 23194.382948441725603 ], [ -34551.981284401175799, 23262.573289350817504 ], [ -34620.171625310264062, 23296.668459805361636 ], [ -34620.171625310264062, 23364.858800714453537 ], [ -34654.266795764808194, 23433.049141623545438 ], [ -34722.457136673896457, 23501.239482532633701 ], [ -34756.552307128447865, 23569.429823441725603 ], [ -34756.552307128447865, 23637.620164350817504 ], [ -34824.742648037536128, 23671.715334805361636 ], [ -34892.932988946624391, 23808.096016623545438 ], [ -34927.028159401175799, 23876.286357532633701 ], [ -34927.028159401175799, 23944.476698441725603 ], [ -34995.218500310264062, 24012.667039350817504 ], [ -35029.313670764808194, 24080.857380259905767 ], [ -35029.313670764808194, 24149.047721168997668 ], [ -35063.408841219352325, 24217.23806207808957 ], [ -35063.408841219352325, 24285.428402987177833 ], [ -35165.694352582991996, 24353.618743896269734 ], [ -35165.694352582991996, 24421.809084805361636 ], [ -35233.88469349208026, 24455.904255259905767 ], [ -35267.979863946624391, 24524.094596168997668 ], [ -35336.17020485571993, 24592.28493707808957 ], [ -35404.360545764808194, 24626.380107532633701 ], [ -35438.455716219352325, 24694.570448441725603 ], [ -35506.646057128447865, 24728.665618896269734 ], [ -35574.836398037536128, 24728.665618896269734 ], [ -35608.93156849208026, 24796.855959805361636 ], [ -35677.121909401175799, 24865.046300714453537 ], [ -35745.312250310264062, 24899.141471168997668 ], [ -35813.502591219352325, 24967.33181207808957 ], [ -35847.597761673896457, 25035.522152987177833 ], [ -35915.788102582991996, 25103.712493896269734 ], [ -35983.97844349208026, 25171.902834805361636 ], [ -36052.168784401175799, 25274.188346168997668 ], [ -36120.359125310264062, 25308.283516623545438 ], [ -36154.454295764808194, 25376.473857532633701 ], [ -36222.644636673896457, 25376.473857532633701 ], [ -36256.739807128447865, 25444.664198441725603 ], [ -36256.739807128447865, 25512.854539350817504 ], [ -36324.930148037536128, 25581.044880259905767 ], [ -36393.120488946624391, 25615.140050714453537 ], [ -36393.120488946624391, 25683.330391623545438 ], [ -36461.31082985571993, 25717.42556207808957 ], [ -36529.501170764808194, 25751.520732532633701 ], [ -36529.501170764808194, 25819.711073441725603 ], [ -36529.501170764808194, 25887.901414350817504 ], [ -36597.691511673896457, 25956.091755259905767 ], [ -36597.691511673896457, 26024.282096168997668 ], [ -36665.881852582991996, 26126.567607532633701 ], [ -36665.881852582991996, 26194.757948441725603 ], [ -36665.881852582991996, 26262.948289350817504 ], [ -36665.881852582991996, 26331.138630259905767 ], [ -36734.07219349208026, 26399.328971168997668 ], [ -36802.262534401175799, 26535.709652987177833 ], [ -36870.452875310264062, 26637.995164350817504 ], [ -36870.452875310264062, 26706.185505259905767 ], [ -36904.548045764808194, 26774.375846168997668 ], [ -36938.643216219352325, 26842.56618707808957 ], [ -36938.643216219352325, 26944.851698441725603 ], [ -36938.643216219352325, 27013.042039350817504 ], [ -37128.032118918687047, 27391.755942049851001 ], [ -37099.832118918682681, 27449.855942049853184 ], [ -37011.432118918688502, 27537.955942049851728 ], [ -37347.785261673896457, 27865.421300714453537 ], [ -37347.785261673896457, 27933.6116416235418 ], [ -37381.880432128447865, 28001.801982532633701 ], [ -37415.975602582991996, 28069.992323441725603 ], [ -37484.16594349208026, 28138.182664350817504 ], [ -37484.16594349208026, 28206.373005259905767 ], [ -37484.16594349208026, 28274.563346168997668 ], [ -37484.16594349208026, 28342.75368707808957 ], [ -37484.16594349208026, 28410.944027987177833 ], [ -37484.16594349208026, 28479.134368896269734 ], [ -37484.16594349208026, 28547.324709805361636 ], [ -37484.16594349208026, 28615.515050714453537 ], [ -37484.16594349208026, 28683.7053916235418 ], [ -37415.975602582991996, 28683.7053916235418 ], [ -37381.880432128447865, 28751.895732532633701 ], [ -37313.690091219352325, 28751.895732532633701 ], [ -37245.499750310264062, 28785.990902987177833 ], [ -37177.309409401175799, 28820.086073441725603 ], [ -37075.023898037536128, 28820.086073441725603 ], [ -37006.833557128447865, 28854.181243896269734 ], [ -36938.643216219352325, 28854.181243896269734 ], [ -36870.452875310264062, 28785.990902987177833 ], [ -36768.167363946624391, 28717.80056207808957 ], [ -36699.977023037536128, 28683.7053916235418 ], [ -36631.786682128447865, 28615.515050714453537 ], [ -36631.786682128447865, 28547.324709805361636 ], [ -36563.596341219352325, 28479.134368896269734 ], [ -36529.501170764808194, 28410.944027987177833 ], [ -36495.406000310264062, 28342.75368707808957 ], [ -36461.31082985571993, 28274.563346168997668 ], [ -36393.120488946624391, 28240.468175714453537 ], [ -36212.132118918685592, 27857.655942049852456 ], [ -35915.788102582991996, 27524.469596168997668 ], [ -35881.692932128447865, 27422.184084805361636 ], [ -35847.597761673896457, 27319.898573441725603 ], [ -35847.597761673896457, 27251.708232532633701 ], [ -35813.502591219352325, 27183.5178916235418 ], [ -35813.502591219352325, 27115.327550714453537 ], [ -35779.407420764808194, 27047.137209805361636 ], [ -35779.407420764808194, 26978.946868896269734 ], [ -35779.407420764808194, 26910.756527987177833 ], [ -35711.21707985571993, 26842.56618707808957 ], [ -35711.21707985571993, 26774.375846168997668 ], [ -35711.21707985571993, 26706.185505259905767 ], [ -35643.026738946624391, 26637.995164350817504 ], [ -35574.836398037536128, 26603.899993896269734 ], [ -35574.836398037536128, 26535.709652987177833 ], [ -35506.646057128447865, 26501.614482532633701 ], [ -35506.646057128447865, 26433.4241416235418 ], [ -35438.455716219352325, 26399.328971168997668 ], [ -35404.360545764808194, 26331.138630259905767 ], [ -35370.265375310264062, 26262.948289350817504 ], [ -35302.075034401175799, 26194.757948441725603 ], [ -35233.88469349208026, 26126.567607532633701 ], [ -35165.694352582991996, 26092.47243707808957 ], [ -35097.504011673896457, 26024.282096168997668 ], [ -35063.408841219352325, 25956.091755259905767 ], [ -34995.218500310264062, 25921.996584805361636 ], [ -34961.12332985571993, 25853.806243896269734 ], [ -34892.932988946624391, 25819.711073441725603 ], [ -34858.83781849208026, 25717.42556207808957 ], [ -34790.647477582991996, 25649.235221168997668 ], [ -34756.552307128447865, 25581.044880259905767 ], [ -34722.457136673896457, 25512.854539350817504 ], [ -34688.361966219352325, 25444.664198441725603 ], [ -34620.171625310264062, 25410.569027987177833 ], [ -34620.171625310264062, 25342.37868707808957 ], [ -34551.981284401175799, 25274.188346168997668 ], [ -34483.79094349208026, 25240.093175714453537 ], [ -34483.79094349208026, 25171.902834805361636 ], [ -34415.600602582991996, 25137.807664350817504 ], [ -34347.410261673896457, 25103.712493896269734 ], [ -34313.315091219352325, 25035.522152987177833 ], [ -34211.02957985571993, 25001.426982532633701 ], [ -34176.934409401175799, 24933.236641623545438 ], [ -34074.648898037536128, 24865.046300714453537 ], [ -34040.553727582991996, 24796.855959805361636 ], [ -33972.363386673896457, 24762.760789350817504 ], [ -33938.268216219352325, 24694.570448441725603 ], [ -33904.173045764808194, 24626.380107532633701 ], [ -33801.887534401175799, 24558.189766623545438 ], [ -33733.69719349208026, 24524.094596168997668 ], [ -33665.506852582991996, 24455.904255259905767 ], [ -33597.316511673896457, 24455.904255259905767 ], [ -33529.126170764808194, 24421.809084805361636 ], [ -33495.031000310264062, 24353.618743896269734 ], [ -33426.840659401175799, 24319.523573441725603 ], [ -33358.65031849208026, 24319.523573441725603 ], [ -33290.459977582991996, 24285.428402987177833 ], [ -33222.269636673896457, 24285.428402987177833 ], [ -33154.079295764808194, 24251.333232532633701 ], [ -33085.88895485571993, 24217.23806207808957 ], [ -33017.698613946631667, 24183.142891623545438 ], [ -32949.508273037536128, 24183.142891623545438 ], [ -32881.317932128447865, 24149.047721168997668 ], [ -32847.222761673896457, 24080.857380259905767 ], [ -32779.032420764808194, 24012.667039350817504 ], [ -32710.84207985571993, 23978.571868896269734 ], [ -32710.84207985571993, 23910.381527987177833 ], [ -32642.651738946628029, 23910.381527987177833 ], [ -32608.55656849208026, 23842.19118707808957 ], [ -32574.461398037536128, 23774.000846168997668 ], [ -32540.366227582991996, 23705.810505259905767 ], [ -32506.271057128447865, 23637.620164350817504 ], [ -32438.080716219352325, 23603.524993896269734 ], [ -32438.080716219352325, 23535.334652987177833 ], [ -32369.890375310264062, 23501.239482532633701 ], [ -32301.700034401172161, 23433.049141623545438 ], [ -32233.50969349208026, 23364.858800714453537 ], [ -32165.319352582991996, 23330.763630259905767 ], [ -31930.915055707988358, 23194.382948441729241 ], [ -31752.98088489833026, 23163.484200217295438 ], [ -31697.043495871341293, 23127.25808160933957 ], [ -31483.41594349208026, 22751.145732532633701 ], [ -31347.035261673900095, 22682.955391623545438 ], [ -31347.035261673900095, 22614.765050714453537 ], [ -31312.940091219352325, 22546.574709805361636 ], [ -31244.749750310264062, 22512.479539350817504 ], [ -31210.65457985571993, 22444.289198441725603 ], [ -31142.464238946628029, 22376.098857532633701 ], [ -31142.464238946628029, 22307.908516623545438 ], [ -31142.464238946624391, 22239.718175714453537 ], [ -31074.273898037536128, 22239.718175714453537 ], [ -31006.083557128444227, 22205.623005259905767 ], [ -30937.893216219352325, 22171.527834805361636 ], [ -30903.798045764808194, 22103.337493896269734 ], [ -30835.607704855716293, 22103.337493896269734 ], [ -30767.417363946624391, 22103.337493896269734 ], [ -30733.32219349208026, 22035.147152987181471 ], [ -30665.131852582991996, 22001.051982532633701 ], [ -30596.941511673900095, 21932.861641623545438 ], [ -30528.751170764808194, 21898.766471168997668 ], [ -30460.560829855716293, 21898.766471168997668 ], [ -30426.465659401172161, 21830.576130259905767 ], [ -30111.085332696613477, 21676.615126176107879 ], [ -30047.156888094341411, 21676.615126176107879 ], [ -29999.210554642639181, 21655.305644642012339 ], [ -29961.918961957981082, 21611.621207497126306 ], [ -29676.371909401172161, 21319.148573441725603 ], [ -29642.276738946624391, 21250.958232532633701 ], [ -29574.086398037536128, 21216.86306207808957 ], [ -29505.896057128444227, 21148.672721168997668 ], [ -29471.800886673900095, 21080.482380259905767 ], [ -29471.800886673900095, 21012.292039350817504 ], [ -29403.610545764808194, 20978.196868896269734 ], [ -29369.515375310264062, 20875.911357532633701 ], [ -29335.420204855716293, 20807.721016623545438 ], [ -29301.325034401172161, 20739.530675714453537 ], [ -29233.13469349208026, 20705.435505259905767 ], [ -29233.13469349208026, 20637.245164350817504 ], [ -29164.944352582991996, 20569.054823441725603 ], [ -29096.754011673900095, 20500.864482532633701 ], [ -29062.658841219352325, 20432.674141623545438 ], [ -29028.563670764808194, 20364.483800714453537 ], [ -28960.373329855716293, 20296.293459805361636 ], [ -28926.278159401172161, 20228.103118896269734 ], [ -28892.182988946624391, 20159.912777987181471 ], [ -28823.992648037536128, 20125.817607532633701 ], [ -28789.897477582991996, 20057.627266623545438 ], [ -28721.707136673900095, 19989.436925714453537 ], [ -28687.611966219352325, 19921.246584805361636 ], [ -28619.421625310264062, 19853.056243896269734 ], [ -28551.231284401172161, 19784.865902987181471 ], [ -28551.231284401172161, 19716.67556207808957 ], [ -28551.231284401172161, 19648.485221168997668 ], [ -28483.04094349208026, 19614.390050714453537 ], [ -28448.945773037536128, 19546.199709805361636 ], [ -28448.945773037536128, 19478.009368896269734 ], [ -28414.850602582991996, 19409.819027987177833 ], [ -28346.660261673900095, 19341.62868707808957 ], [ -28346.660261673900095, 19239.343175714453537 ], [ -28312.565091219352325, 19171.152834805361636 ], [ -28278.469920764808194, 19102.962493896269734 ], [ -28278.469920764808194, 19034.772152987177833 ], [ -28210.279579855716293, 18966.58181207808957 ], [ -28210.279579855716293, 18898.391471168997668 ], [ -28142.089238946624391, 18830.201130259905767 ], [ -28142.089238946624391, 18762.010789350817504 ], [ -28142.089238946624391, 18693.820448441725603 ], [ -28107.99406849208026, 18625.630107532633701 ], [ -28039.803727582991996, 18557.439766623545438 ], [ -28005.708557128444227, 18489.249425714453537 ], [ -28005.708557128444227, 18421.059084805361636 ], [ -27971.613386673900095, 18352.868743896269734 ], [ -27937.518216219352325, 18284.678402987177833 ], [ -27903.423045764808194, 18216.48806207808957 ], [ -27869.327875310264062, 18148.297721168997668 ], [ -27869.327875310264062, 18080.107380259905767 ], [ -27835.232704855716293, 18011.917039350817504 ], [ -27767.042363946624391, 17977.821868896269734 ], [ -27767.042363946624391, 17875.536357532633701 ], [ -27732.94719349208026, 17807.346016623545438 ], [ -27698.852023037536128, 17739.155675714453537 ], [ -27664.756852582991996, 17670.965334805361636 ], [ -27664.756852582991996, 17602.774993896269734 ], [ -27630.661682128444227, 17534.584652987177833 ], [ -27630.661682128444227, 17466.39431207808957 ], [ -27670.532118918687047, 17056.955942049851728 ], [ -27513.032118918687047, 17005.155942049852456 ], [ -27494.281000310264062, 16579.919880259905767 ], [ -27460.185829855716293, 16511.729539350817504 ], [ -27460.185829855716293, 16443.539198441725603 ], [ -27460.185829855716293, 16375.348857532633701 ], [ -27483.626259543216293, 16091.400016090876306 ], [ -27391.995488946628029, 15693.445448441725603 ], [ -27357.90031849208026, 15625.255107532633701 ], [ -27323.805148037536128, 15522.969596168997668 ], [ -27323.805148037536128, 15420.684084805361636 ], [ -27289.709977582991996, 15352.493743896271553 ], [ -27255.614807128444227, 15284.303402987179652 ], [ -27221.519636673900095, 15216.11306207808957 ], [ -27187.424466219352325, 15113.827550714453537 ], [ -27153.329295764808194, 15045.637209805361636 ], [ -27119.234125310264062, 14977.446868896271553 ], [ -27051.043784401172161, 14943.351698441725603 ], [ -27051.043784401172161, 14875.16135753263552 ], [ -27051.043784401172161, 14806.971016623543619 ], [ -26982.85344349208026, 14738.780675714453537 ], [ -26948.758273037536128, 14670.590334805361636 ], [ -26914.663102582991996, 14602.399993896271553 ], [ -26880.567932128444227, 14534.209652987179652 ], [ -26846.472761673900095, 14466.01931207808957 ], [ -26778.282420764808194, 14431.924141623543619 ], [ -26744.187250310264062, 14329.638630259907586 ], [ -26710.09207985571993, 14261.448289350815685 ], [ -26641.901738946624391, 14193.257948441725603 ], [ -26607.80656849208026, 14125.06760753263552 ], [ -26607.80656849208026, 14022.782096168997668 ], [ -26573.711398037536128, 13954.591755259907586 ], [ -26505.521057128444227, 13886.401414350815685 ], [ -26505.521057128444227, 13818.211073441725603 ], [ -26437.330716219352325, 13784.115902987179652 ], [ -26403.235545764808194, 13715.92556207808957 ], [ -26369.140375310264062, 13613.640050714453537 ], [ -26335.04520485571993, 13545.449709805361636 ], [ -26266.854863946624391, 13477.259368896271553 ], [ -26232.75969349208026, 13409.069027987179652 ], [ -26198.664523037536128, 13340.87868707808957 ], [ -26198.664523037536128, 13272.688346168997668 ], [ -26096.379011673900095, 13204.498005259907586 ], [ -26062.283841219352325, 13136.307664350815685 ], [ -26028.188670764808194, 13068.117323441725603 ], [ -25959.99832985571993, 12965.83181207808957 ], [ -25925.903159401172161, 12897.641471168997668 ], [ -25891.807988946624391, 12829.451130259907586 ], [ -25823.617648037536128, 12795.355959805361636 ], [ -25823.617648037536128, 12727.165618896271553 ], [ -25789.522477582991996, 12658.975277987179652 ], [ -25755.427307128444227, 12590.78493707808957 ], [ -25687.236966219352325, 12556.689766623543619 ], [ -25653.141795764808194, 12488.499425714453537 ], [ -25619.046625310264062, 12420.309084805361636 ], [ -25550.856284401172161, 12352.118743896271553 ], [ -25516.761113946624391, 12283.928402987179652 ], [ -25414.475602582991996, 12249.83323253263552 ], [ -25380.380432128444227, 12181.642891623543619 ], [ -25278.094920764808194, 12147.547721168997668 ], [ -25209.90457985571993, 12079.357380259907586 ], [ -25141.714238946624391, 12011.167039350817504 ], [ -25107.61906849208026, 11942.976698441725603 ], [ -25039.428727582991996, 11908.881527987179652 ] ] ] ] } }
]
}
